PRAGMA foreign_keys=OFF;
BEGIN TRANSACTION;
CREATE TABLE user (
	id INTEGER NOT NULL, 
	telegram_id INTEGER NOT NULL, language TEXT, 
	PRIMARY KEY (id)
);
INSERT INTO user VALUES(1,833825243,'RU');
CREATE TABLE project (
	id INTEGER NOT NULL, 
	coin_name VARCHAR(100), category VARCHAR(100), 
	PRIMARY KEY (id)
);
INSERT INTO project VALUES(1,'APT','Layer 1');
INSERT INTO project VALUES(2,'SEI','Layer 1');
INSERT INTO project VALUES(3,'SUI','Layer 1');
INSERT INTO project VALUES(4,'FLR','Layer 1');
INSERT INTO project VALUES(5,'KAS','Layer 1');
INSERT INTO project VALUES(6,'TON','Layer 1 (OLD)');
INSERT INTO project VALUES(7,'ADA','Layer 1 (OLD)');
INSERT INTO project VALUES(8,'OP','Layer 2 (ETH)');
INSERT INTO project VALUES(9,'ARB','Layer 2 (ETH)');
INSERT INTO project VALUES(10,'MNT','Layer 2 (ETH)');
INSERT INTO project VALUES(12,'IMX','Layer 2 (ETH)');
INSERT INTO project VALUES(13,'STRK','Layer 2 (ETH)');
INSERT INTO project VALUES(14,'POL','Layer 2 (ETH)');
INSERT INTO project VALUES(15,'TIA','Layer 1');
INSERT INTO project VALUES(16,'DYM','Modular Blockchain');
INSERT INTO project VALUES(17,'GSWIFT','Modular Blockchain');
INSERT INTO project VALUES(18,'STG','DeFi');
INSERT INTO project VALUES(19,'HFT','DeFi');
INSERT INTO project VALUES(20,'AVAX','Layer 1 (OLD)');
INSERT INTO project VALUES(21,'JUP','DeFi');
INSERT INTO project VALUES(22,'GMX','DeFi');
INSERT INTO project VALUES(23,'OSMO','DeFi');
INSERT INTO project VALUES(24,'ATOM','Layer 1 (OLD)');
INSERT INTO project VALUES(25,'NEAR','Layer 1 (OLD)');
INSERT INTO project VALUES(26,'ETHFI','DeFi');
INSERT INTO project VALUES(27,'DOT','Layer 1 (OLD)');
INSERT INTO project VALUES(28,'QUICK','DeFi');
INSERT INTO project VALUES(29,'TRX','Layer 1 (OLD)');
INSERT INTO project VALUES(31,'JTO','DeFi');
INSERT INTO project VALUES(32,'MAV','DeFi');
INSERT INTO project VALUES(39,'NYM','Infrastructure');
INSERT INTO project VALUES(40,'PYTH','Infrastructure');
INSERT INTO project VALUES(41,'ALT','Infrastructure');
INSERT INTO project VALUES(42,'ZK','Layer 2 (ETH)');
INSERT INTO project VALUES(43,'AXL','Infrastructure');
INSERT INTO project VALUES(44,'ACX','Infrastructure');
INSERT INTO project VALUES(45,'KYVE','Infrastructure');
INSERT INTO project VALUES(46,'CERE','Infrastructure');
INSERT INTO project VALUES(47,'APE','GameFi / Metaverse');
INSERT INTO project VALUES(49,'MEME','GameFi / Metaverse');
INSERT INTO project VALUES(50,'SHRAP','GameFi / Metaverse');
INSERT INTO project VALUES(51,'XAI','GameFi / Metaverse');
INSERT INTO project VALUES(52,'MAGIC','GameFi / Metaverse');
INSERT INTO project VALUES(53,'ACE','GameFi / Metaverse');
INSERT INTO project VALUES(54,'BIGTIME','GameFi / Metaverse');
INSERT INTO project VALUES(55,'AGI','GameFi / Metaverse');
INSERT INTO project VALUES(56,'ZTX','GameFi / Metaverse');
INSERT INTO project VALUES(57,'PIXEL','GameFi / Metaverse');
INSERT INTO project VALUES(58,'MAVIA','GameFi / Metaverse');
INSERT INTO project VALUES(60,'FAR','GameFi / Metaverse');
INSERT INTO project VALUES(61,'MRS','GameFi / Metaverse');
INSERT INTO project VALUES(62,'CATS','TON');
INSERT INTO project VALUES(63,'NOT','TON');
INSERT INTO project VALUES(64,'HMSTR','TON');
INSERT INTO project VALUES(65,'CYBER','SocialFi');
INSERT INTO project VALUES(66,'BBL','SocialFi');
INSERT INTO project VALUES(67,'HOOK','SocialFi');
INSERT INTO project VALUES(68,'RSS3','SocialFi');
INSERT INTO project VALUES(69,'ACS','SocialFi');
INSERT INTO project VALUES(70,'CPOOL','RWA');
INSERT INTO project VALUES(71,'DOGS','TON');
INSERT INTO project VALUES(72,'CATI','TON');
INSERT INTO project VALUES(73,'ALI','AI');
INSERT INTO project VALUES(75,'TAO','AI');
INSERT INTO project VALUES(76,'PAAL','AI');
INSERT INTO project VALUES(77,'NFP','AI');
INSERT INTO project VALUES(78,'0X0','AI');
INSERT INTO project VALUES(79,'AI','AI');
INSERT INTO project VALUES(80,'CGPT','AI');
INSERT INTO project VALUES(84,'ID','Digital Identity');
INSERT INTO project VALUES(85,'ARKM','Digital Identity');
INSERT INTO project VALUES(86,'ENS','Digital Identity');
INSERT INTO project VALUES(87,'GAL','Blockchain Service');
INSERT INTO project VALUES(88,'BICO','Blockchain Service');
INSERT INTO project VALUES(89,'HONEY','Blockchain Service');
INSERT INTO project VALUES(90,'DIMO','Blockchain Service');
INSERT INTO project VALUES(91,'FORT','Blockchain Service');
INSERT INTO project VALUES(92,'WLD','Digital Identity');
INSERT INTO project VALUES(93,'EDU','Blockchain Service');
INSERT INTO project VALUES(94,'TOMI','Digital Identity');
INSERT INTO project VALUES(95,'TOKEN','Blockchain Service');
INSERT INTO project VALUES(96,'WIFI','Blockchain Service');
INSERT INTO project VALUES(97,'CSIX','Blockchain Service');
INSERT INTO project VALUES(98,'NUM','Digital Identity');
INSERT INTO project VALUES(99,'L3','Digital Identity');
INSERT INTO project VALUES(109,'BLUR','NFT Platforms / Marketplaces');
INSERT INTO project VALUES(110,'AGLD','NFT Platforms / Marketplaces');
INSERT INTO project VALUES(111,'WE','NFT Platforms / Marketplaces');
INSERT INTO project VALUES(112,'MYRIA','NFT Platforms / Marketplaces');
INSERT INTO project VALUES(113,'LOOKS','NFT Platforms / Marketplaces');
INSERT INTO project VALUES(114,'OAS','NFT Platforms / Marketplaces');
INSERT INTO project VALUES(115,'ULTIMA','NFT Platforms / Marketplaces');
INSERT INTO project VALUES(116,'MPLX','NFT Platforms / Marketplaces');
INSERT INTO project VALUES(117,'LMWR','NFT Platforms / Marketplaces');
INSERT INTO project VALUES(118,'FLIX','NFT Platforms / Marketplaces');
INSERT INTO project VALUES(119,'GF','NFT Platforms / Marketplaces');
INSERT INTO project VALUES(120,'PANDORA','NFT Platforms / Marketplaces');
INSERT INTO project VALUES(121,'NFP','NFT Platforms / Marketplaces');
INSERT INTO project VALUES(122,'ADF','NFT Platforms / Marketplaces');
INSERT INTO project VALUES(123,'BFIC','Infrastructure');
INSERT INTO project VALUES(124,'SSV','Infrastructure');
INSERT INTO project VALUES(125,'CPOOL','RWA');
INSERT INTO project VALUES(126,'XLM','RWA');
INSERT INTO project VALUES(127,'POLYX','RWA');
INSERT INTO project VALUES(128,'HIFI','RWA');
INSERT INTO project VALUES(129,'RBN','RWA');
INSERT INTO project VALUES(130,'T','Blockchain Service');
INSERT INTO project VALUES(131,'GAL','Blockchain Service');
INSERT INTO project VALUES(132,'GG','Blockchain Service');
INSERT INTO project VALUES(133,'MOBILE','Blockchain Service');
INSERT INTO project VALUES(134,'BTRST','SocialFi');
INSERT INTO project VALUES(135,'CHEEL','SocialFi');
INSERT INTO project VALUES(140,'DYDX','DeFi');
INSERT INTO project VALUES(141,'NTRN','DeFi');
INSERT INTO project VALUES(142,'XLM','Financial sector');
INSERT INTO project VALUES(143,'ONDO','Financial sector');
INSERT INTO project VALUES(144,'HBAR','Financial sector');
INSERT INTO project VALUES(145,'XRP','Financial sector');
INSERT INTO project VALUES(146,'ALGO','Financial sector');
INSERT INTO project VALUES(148,'BTC','Layer 1 (OLD)');
INSERT INTO project VALUES(149,'ZKJ','Layer 1');
INSERT INTO project VALUES(150,'TAI','Modular Blockchain');
INSERT INTO project VALUES(151,'SOL','Layer 1 (OLD)');
INSERT INTO project VALUES(152,'ETH','Layer 1 (OLD)');
INSERT INTO project VALUES(153,'SOI','Layer 1');
INSERT INTO project VALUES(154,'SIO','Layer 1 (OLD)');
INSERT INTO project VALUES(155,'ИСТОРИЯРАСЧЕТОВ','Layer 1');
INSERT INTO project VALUES(156,'ЫГШ','Layer 1');
INSERT INTO project VALUES(157,'VENOM','Layer 1');
INSERT INTO project VALUES(158,'PDF','Layer 1');
INSERT INTO project VALUES(159,'МУТЩЬ','Layer 1');
INSERT INTO project VALUES(160,'BNB','Layer 2 (ETH)');
INSERT INTO project VALUES(161,'ZRO','Layer 1');
CREATE TABLE calculation (
	id INTEGER NOT NULL, 
	user_id INTEGER NOT NULL, 
	project_id INTEGER NOT NULL, 
	date DATETIME, agent_answer TEXT, 
	PRIMARY KEY (id), 
	FOREIGN KEY(user_id) REFERENCES user (id), 
	FOREIGN KEY(project_id) REFERENCES project (id)
);
INSERT INTO calculation VALUES(1,833825243,151,'2024-11-22 00:30:26.841069',replace('**Положительные характеристики:**\n\n- Проект SOL относится к категории "Тир 1 проект", что свидетельствует о высоком уровне проекта.\n- Итоговое общее количество баллов проекта составляет 269.38, что является высоким показателем.\n- Проект имеет большое количество подписчиков в Twitter (2.8M) и высокий Twitter Score (788), что указывает на активное сообщество. (ссылка на Twitter-аккаунт: https://twitter.com/solana)\n- Процент заблокированных токенов (TVL) составляет 7.20%, что может способствовать росту цены.\n\n**Отрицательные характеристики:**\n\n- Проект потерял баллы по показателям доходности фондов, роста от минимума и падения от максимума, а также процента монет на топ 100 кошельков.\n- Оценка токеномики проекта SOL составляет 0.00 баллов, что может указывать на недостаточную привлекательность экономической модели.\n\n**Данные, которые использовались для анализа:**\n- Проект SOL относится к категории "Новые блокчейны 1 уровня (после 2022 года)" на 70% и к категории "Решения 2 уровня на базе Ethereum (ETH)" на 30%.\n- Распределение токенов: Community (34.9%), Seed (14.3%), Team (11.5%), Founding Round (11.3%), Inflation (10.3%), Foundation (10.1%), Validator Round (4.55%), Strategic Round (1.65%), Coinlist Public Sale (1.44%).\n- Рост стоимости токенов с минимума: x2.10.\n- Падение токенов с максимума: -0.02%.\n- Процент нахождения монет на топ 100 кошельков блокчейна: 23.0%.\n- Заблокированные токены (TVL): 7.20%.\n- Сумма привлечения средств: 359,550,000.0.\n- Подписчики в Twitter: 2.8M.\n- Оценка подписчиков твиттера: 788.\n- Оценка токеномики: 0.00 баллов.\n- Оценка доходности фондов: Проект потерял 1 балл.','\n',char(10)));
INSERT INTO calculation VALUES(2,833825243,151,'2024-11-22 00:31:29.658938',replace('**Положительные характеристики:**\n\n- Проект SOL относится к категории "Тир 1 проект", что свидетельствует о высоком уровне проекта.\n- Итоговое общее количество баллов проекта составляет 269.38, что является высоким показателем.\n- Проект имеет большое количество подписчиков в Twitter (2.8M) и высокий Twitter Score (788), что указывает на активное сообщество. (ссылка на Twitter-аккаунт: https://twitter.com/solana)\n- Процент заблокированных токенов (TVL) составляет 7.20%, что может способствовать росту цены.\n\n**Отрицательные характеристики:**\n\n- Проект потерял баллы по показателям доходности фондов, роста от минимума и падения от максимума, а также процента монет на топ 100 кошельков.\n- Оценка токеномики проекта SOL составляет 0.00 баллов, что может указывать на недостаточную привлекательность экономической модели.\n\n**Данные, которые использовались для анализа:**\n- Проект SOL относится к категории "Новые блокчейны 1 уровня (после 2022 года)" на 70% и к категории "Решения 2 уровня на базе Ethereum (ETH)" на 30%.\n- Распределение токенов: Community (34.9%), Seed (14.3%), Team (11.5%), Founding Round (11.3%), Inflation (10.3%), Foundation (10.1%), Validator Round (4.55%), Strategic Round (1.65%), Coinlist Public Sale (1.44%).\n- Рост стоимости токенов с минимума: x2.10.\n- Падение токенов с максимума: -0.02%.\n- Процент нахождения монет на топ 100 кошельков блокчейна: 23.0%.\n- Заблокированные токены (TVL): 7.20%.\n- Сумма привлечения средств: 359,550,000.0.\n- Подписчики в Twitter: 2.8M.\n- Оценка подписчиков твиттера: 788.\n- Оценка токеномики: 0.00 баллов.\n- Оценка доходности фондов: Проект потерял 1 балл.','\n',char(10)));
INSERT INTO calculation VALUES(3,833825243,151,'2024-11-22 00:32:54.400446',NULL);
INSERT INTO calculation VALUES(4,833825243,151,'2024-11-22 00:35:44.152203',NULL);
INSERT INTO calculation VALUES(5,833825243,151,'2024-11-22 00:35:45.184430',NULL);
INSERT INTO calculation VALUES(6,833825243,3,'2024-11-22 00:36:32.648400',replace('**Положительные характеристики:**\n\n- Проект SUI получил высокие итоговые баллы 274.80.\n- Проект относится к Тир 1, что свидетельствует о высоком уровне финансирования и привлекательности для инвесторов.\n- Проект имеет значительное финансирование в размере 385 370 000,00 долларов.\n- Высокий процент заблокированных токенов (16.08%) может способствовать росту цены.\n- Большое количество подписчиков в Twitter (839K) и высокий Twitter Score (308) указывают на активное и заинтересованное сообщество. (ссылка на Twitter-аккаунт: https://twitter.com/suinetwork)\n\n**Отрицательные характеристики:**\n\n- Проект потерял баллы по показателям доходности фондов, роста от минимумов и падения от максимумов, а также процента монет на топ 100 кошельков.\n- Оценка токеномики проекта равна 0.00 баллов.\n- Проект не получил баллов по оценке токеномики.\n- Проект потерял 1 балл по показателю доходности фондов.\n\n**Данные, которые использовались для анализа:**\n*Проект SUI относится:*\n- на 70% к категории "Новые блокчейны 1 уровня (после 2022 года)"\n- на 30% к категории "Решения 2 уровня на базе Ethereum (ETH)"\nОбщая категория проекта: "Новые блокчейны 1 уровня (после 2022 года)".\n\nРаспределение токенов: \nРост стоимости токенов с минимума: x4.857714762273056\nПадение токенов с максимума (%): -0.08636031760038076%\nПроцент нахождения монет на топ 100 кошельков блокчейна: 16.0%\nЗаблокированные токены (TVL, %): 16.08481630083385%\nСумма привлечения средств: 385 370 000,00\nУровень проекта: Тир 1\nПодписчики в Twitter: 839K\nОценка подписчиков твиттера: 308\nОценка токеномики (сравнение с другими проектами): 0.00\nОценка доходности фондов: Проект потерял 1 балл.','\n',char(10)));
INSERT INTO calculation VALUES(7,833825243,3,'2024-11-22 00:36:58.430578',NULL);
INSERT INTO calculation VALUES(8,833825243,151,'2024-11-22 00:40:19.784688',NULL);
INSERT INTO calculation VALUES(9,833825243,151,'2024-11-22 00:50:07.671202',replace('**Положительные характеристики:**\n\n- Проект SOL относится к категории "Тир 1 проект", что свидетельствует о высоком уровне проекта.\n- Итоговое общее количество баллов проекта составляет 269.38, что является высоким показателем.\n- Проект имеет большое количество подписчиков в Twitter (2.8M) и высокий Twitter Score (788), что указывает на активное сообщество. (ссылка на Twitter-аккаунт: https://twitter.com/solana)\n- Процент заблокированных токенов (TVL) составляет 7.20%, что может способствовать росту цены.\n\n**Отрицательные характеристики:**\n\n- Проект потерял баллы по показателям доходности фондов, роста от минимума и падения от максимума, а также процента монет на топ 100 кошельков.\n- Оценка токеномики проекта SOL составляет 0.00 баллов, что может указывать на недостаточную привлекательность экономической модели.\n\n**Данные, которые использовались для анализа:**\n- Проект SOL относится к категории "Новые блокчейны 1 уровня (после 2022 года)" на 70% и к категории "Решения 2 уровня на базе Ethereum (ETH)" на 30%.\n- Распределение токенов: Community (34.9%), Seed (14.3%), Team (11.5%), Founding Round (11.3%), Inflation (10.3%), Foundation (10.1%), Validator Round (4.55%), Strategic Round (1.65%), Coinlist Public Sale (1.44%).\n- Рост стоимости токенов с минимума: x2.10.\n- Падение токенов с максимума: -0.02%.\n- Процент нахождения монет на топ 100 кошельков блокчейна: 23.0%.\n- Заблокированные токены (TVL): 7.20%.\n- Сумма привлечения средств: 359,550,000.0.\n- Подписчики в Twitter: 2.8M.\n- Оценка подписчиков твиттера: 788.\n- Оценка токеномики: 0.00 баллов.\n- Оценка доходности фондов: Проект потерял 1 балл.','\n',char(10)));
INSERT INTO calculation VALUES(10,833825243,13,'2024-11-30 23:52:06.871006',NULL);
INSERT INTO calculation VALUES(11,833825243,13,'2024-11-30 23:52:43.232331',NULL);
INSERT INTO calculation VALUES(12,833825243,13,'2024-11-30 23:54:44.154238',NULL);
INSERT INTO calculation VALUES(13,833825243,13,'2024-11-30 23:57:32.817967',replace('**Итоговые баллы проекта:** 193,70 баллов – оценка “Хорошо”\n\n\n**Положительные характеристики:**\n\n\n- Проект получил высокий балл за Тир проекта (100 баллов), что указывает на значительное финансирование и наличие инвесторов высокого уровня.\n- Проект имеет большое количество подписчиков в Twitter (333K), что свидетельствует об активном и заинтересованном сообществе. (ссылка на Twitter-аккаунт: https://twitter.com/starknet)\n- Проект получил Плохую оценку по показателю прибыльности фондов, что позволяет сообществу инвестировать без значительного влияния фондов на цену токенов.\n- Проект получил 56,50 баллов за привлеченные инвестиции, что также является положительным показателем.\n\n\n**Отрицательные характеристики:**\n\n\n- Проект получил 0 баллов по оценке токеномики, что может свидетельствовать о недостаточной продуманности экономической модели.\n- Низкие баллы по показателю процента заблокированных монет (14 баллов), что может указывать на высокую ликвидность и потенциальную волатильность.\n- Проект потерял 1 балл по показателю роста от минимальных значений, что может ограничить потенциал дальнейшего роста цены токена.\n\n**Данные для анализа**\n- Анализ категории: ```\nПроект StarkNet относится:\n\n\n- на 100% к категории "Решения 2 уровня на базе Ethereum"\n- на 10% к категории "Децентрализованные финансы"\n\n\nПо остальным категориям признаков не обнаружено.\nОбщая категория проекта: "Решения 2 уровня на базе Ethereum".\n```\n\n- Тикер монеты: STRK\n- Категория: Layer 2 (ETH)\n- Цена токена: $0.47766\n- Капитализация: $1002824272.52\n- Фандрейз: $282500000\n- Количество подписчиков: 333K (Twitter: https://twitter.com/starknet)\n- Twitter Score: 152\n- Тир фондов: Paradigm (TIER 1+), Coinbase Ventures (TIER 1+), Multicoin Capital (TIER 1+), Pantera capital (TIER 1), Sequoia Capital (TIER 1),  ConsenSys (TIER 2+), Ethereum Foundation + Vitalik Buterin\n- Распределение токенов: StarkWare Investors(17%)\nCore Contributors(32.9%)\nCommunity Provisions(9%)\nCommunity Rebates(9%)\nresearch and development(12%)\na strategic reserve(10%)\nDonations(2%)\nUnallocated(8.1%)\n- Минимальная цена токена: $0.32\n- Максимальная цена токена: $0.52%\n- Рост стоимости токена с минимума: $1.85\n- Рост стоимости токена с минимума: 1.85%\n- Падение стоимости токена с максимума: -0.28%\n- Процент нахождения монет на топ 100 кошельков блокчейна: 91.0%\n- Заблокированные токены (TVL): 14%\n\n- Токенов в обращении: 2099455075.0\n- Общее число токенов: 10000000000.0\n- FDV: 3423948354.7916346\n- FDV/Fundraise: 16.52\n- TVL/FDV: 0.03\n- Тир проекта: Проект STRK относится к категории ''Тир 1 проект''.\n- Оценка доходности фондов: ```\nПроект получил “Плохую оценку. Сообщество может инвестировать” по показателю доходности фондов.\nПроект потерял 1 балл по показателю роста от минимальных значений и падения от максимальных значений.\nПроект получил 21 балл по показателю процента монет на топ 100 кошельков.\nПроект получил 14 баллов по показателю процента заблокированных монет.\n```\n- Оценка токеномики: Общая оценка проекта STRK: 0 + 0 + 0 + 0 + 0 + 0 = **0.00** баллов.\n\nОтдельные набранные баллы в сравнении с другими проектами:\n- OP = 0 баллов,\n- ARB = 0 баллов,\n- MNT = 0 баллов,\n- IMX = 0 баллов,\n- POL = 0 баллов,\n- ZK = 0 баллов.\n\n**Данные для анализа токеномики**:\nВариант 1\nРезультаты расчета для STRK в сравнении с OP:\nВозможный прирост токена (в %): 1.91363%\nОжидаемая цена токена: 0.91406\n\nВариант 2\nРезультаты расчета для STRK в сравнении с ARB:\nВозможный прирост токена (в %): 1.64411%\nОжидаемая цена токена: 0.78533\n\nВариант 3\nРезультаты расчета для STRK в сравнении с MNT:\nВозможный прирост токена (в %): 1.10448%\nОжидаемая цена токена: 0.52756\n\nВариант 4\nРезультаты расчета для STRK в сравнении с IMX:\nВозможный прирост токена (в %): 0.56799%\nОжидаемая цена токена: 0.27130\n\nВариант 5\nРезультаты расчета для STRK в сравнении с POL:\nВозможный прирост токена (в %): 1.03287%\nОжидаемая цена токена: 0.49336\n\nВариант 6\nРезультаты расчета для STRK в сравнении с ZK:\nВозможный прирост токена (в %): 0.65985%\nОжидаемая цена токена: 0.31518\n\n','\n',char(10)));
INSERT INTO calculation VALUES(14,833825243,161,'2024-12-01 14:25:41.299720',NULL);
INSERT INTO calculation VALUES(15,833825243,161,'2024-12-01 14:41:42.684337',NULL);
INSERT INTO calculation VALUES(16,833825243,161,'2024-12-01 14:44:18.010346',NULL);
INSERT INTO calculation VALUES(17,833825243,161,'2024-12-01 14:46:06.701352',NULL);
INSERT INTO calculation VALUES(18,833825243,148,'2024-12-03 21:38:35.326537',NULL);
INSERT INTO calculation VALUES(19,833825243,148,'2024-12-03 21:39:54.081368',NULL);
INSERT INTO calculation VALUES(20,833825243,148,'2024-12-03 21:40:32.458702',NULL);
CREATE TABLE basic_metrics (
	id INTEGER NOT NULL, 
	project_id INTEGER NOT NULL, 
	entry_price FLOAT, 
	sphere VARCHAR(50), 
	market_price FLOAT, 
	PRIMARY KEY (id), 
	FOREIGN KEY(project_id) REFERENCES project (id)
);
INSERT INTO basic_metrics VALUES(1,1,12.11867835919824898,'Layer 1',14.06010000000000026);
INSERT INTO basic_metrics VALUES(2,2,0.0,'Layer 1',0.6743999999999999995);
INSERT INTO basic_metrics VALUES(3,3,3.613336926373535984,'Layer 1',3.816500000000000003);
INSERT INTO basic_metrics VALUES(4,4,0.0,'Layer 1',0.03230000000000000232);
INSERT INTO basic_metrics VALUES(8,8,1.701728011580931011,'Layer 1',2.568299999999999806);
INSERT INTO basic_metrics VALUES(9,9,0.7028237111108577295,'Layer 2 (ETH)',1.143899999999999916);
INSERT INTO basic_metrics VALUES(10,10,0.5589446479728972239,'Layer 2 (ETH)',1.052000000000000046);
INSERT INTO basic_metrics VALUES(12,12,0.0,'Layer 2 / GameFi',2.119800000000000129);
INSERT INTO basic_metrics VALUES(13,13,0.4776593147701949094,'Layer 2 (ETH)',0.7276000000000000245);
INSERT INTO basic_metrics VALUES(15,15,4.736880138383706473,'Layer 1',8.546200000000000685);
INSERT INTO basic_metrics VALUES(16,16,0.0,'Modular Blockchain',1.697599999999999998);
INSERT INTO basic_metrics VALUES(17,17,0.0,'Modular Blockchain / GameFi',0.04660000000000000253);
INSERT INTO basic_metrics VALUES(18,18,0.0,'DeFi / Staking / Bridge',0.2702999999999999848);
INSERT INTO basic_metrics VALUES(19,19,0.0,'DeFi / DEX',0.1340000000000000079);
INSERT INTO basic_metrics VALUES(21,21,0.0,'DeFi / DEX',1.084899999999999976);
INSERT INTO basic_metrics VALUES(22,22,0.0,'DeFi / DEX',21.27199999999999846);
INSERT INTO basic_metrics VALUES(23,23,0.0,'DeFi / DEX',0.5473999999999999977);
INSERT INTO basic_metrics VALUES(26,26,0.0,'DeFi / Restaking /Liquid Staking',1.799800000000000066);
INSERT INTO basic_metrics VALUES(28,28,0.0,'DeFi / DEX',44.0058999999999969);
INSERT INTO basic_metrics VALUES(31,31,0.0,'DeFi / Liquid Staking (SOL)',3.593399999999999928);
INSERT INTO basic_metrics VALUES(32,32,0.0,'DeFi / DEX',0.1598999999999999865);
INSERT INTO basic_metrics VALUES(39,39,0.0,'Blockchain Infrastructure / Privacy / ZKP',0.0985000000000000042);
INSERT INTO basic_metrics VALUES(40,40,0.0,'Blockchain Infrastructure / Oracle',0.5316999999999999505);
INSERT INTO basic_metrics VALUES(41,41,0.0,'Blockchain Infrastructure / Developer Tools',0.1115000000000000018);
INSERT INTO basic_metrics VALUES(42,42,0.1468141266455574578,'Layer 2 (ETH)',0.2308000000000000051);
INSERT INTO basic_metrics VALUES(43,43,0.0,'Blockchain Infrastructure / Cross-Chain',1.083599999999999896);
INSERT INTO basic_metrics VALUES(44,44,0.0,'Blockchain Infrastructure / Bridge / Cross-Chain',0.3174000000000000154);
INSERT INTO basic_metrics VALUES(45,45,0.0,'Blockchain Infrastructure / Data Service',0.01810000000000000151);
INSERT INTO basic_metrics VALUES(46,46,0.0,'Blockchain Infrastructure / Decentralized Data & Finance Cloud platform ',0.001799999999999999951);
INSERT INTO basic_metrics VALUES(47,47,1.065745659085785447,'GameFi / Metaverse',1.930700000000000082);
INSERT INTO basic_metrics VALUES(49,49,0.0,'GameFi /MEME',0.01650000000000000077);
INSERT INTO basic_metrics VALUES(50,50,0.0,'GameFi / P2E',0.04170000000000000095);
INSERT INTO basic_metrics VALUES(51,51,0.0,'GameFi / Layer 3',0.1908999999999999863);
INSERT INTO basic_metrics VALUES(52,52,0.0,'Metaverse / Marketplace / NFT',0.3643000000000000127);
INSERT INTO basic_metrics VALUES(53,53,0.0,'GameFi / P2E',2.001700000000000034);
INSERT INTO basic_metrics VALUES(54,54,0.0,'GameFi / Metaverse / P2E',0.2117999999999999883);
INSERT INTO basic_metrics VALUES(55,55,0.0,'GameFi / Metaverse / AI',0.2470999999999999864);
INSERT INTO basic_metrics VALUES(56,56,0.0,'Metaverse / Social',0.005499999999999999681);
INSERT INTO basic_metrics VALUES(57,57,0.0,'GameFi / P2E',0.2765000000000000235);
INSERT INTO basic_metrics VALUES(58,58,0.0,'GameFi / P2E',1.276200000000000001);
INSERT INTO basic_metrics VALUES(60,60,0.0,'GameFi / P2E',0.007599999999999999985);
INSERT INTO basic_metrics VALUES(65,65,0.0,'Blockchain Service / Social',3.766700000000000159);
INSERT INTO basic_metrics VALUES(66,66,0.0,'Social / Developer Tools',0.006300000000000000044);
INSERT INTO basic_metrics VALUES(67,67,0.0,'Social / Education',0.4107999999999999985);
INSERT INTO basic_metrics VALUES(68,68,0.0,'Blockchain Service / Social Network / Data Service',0.1069999999999999979);
INSERT INTO basic_metrics VALUES(69,69,0.0,'Social / Social Media',0.001399999999999999986);
INSERT INTO basic_metrics VALUES(70,70,0.0,'RWA / Lending',0.248299999999999993);
INSERT INTO basic_metrics VALUES(73,73,0.0,'AI / NFT',0.00929999999999999923);
INSERT INTO basic_metrics VALUES(75,75,0.0,'AI / DePin / Blockchain Service',490.6906999999999926);
INSERT INTO basic_metrics VALUES(76,76,0.0,'AI / Bots / Blockchain Service',0.1479000000000000036);
INSERT INTO basic_metrics VALUES(77,77,0.0,'AI / NFT',0.1945000000000000062);
INSERT INTO basic_metrics VALUES(78,78,0.0,'AI / Blockchain Service',0.1499999999999999945);
INSERT INTO basic_metrics VALUES(84,84,0.0,'Digital Identity',0.4395000000000000017);
INSERT INTO basic_metrics VALUES(85,85,0.0,'Digital Identity / Blockchain Service',1.998799999999999911);
INSERT INTO basic_metrics VALUES(86,86,0.0,'Digital Identity',19.20149999999999935);
INSERT INTO basic_metrics VALUES(87,87,0.0,'Blockchain Service',1.78839999999999999);
INSERT INTO basic_metrics VALUES(88,88,0.0,'Blockchain Service / Data Service',0.2787999999999999923);
INSERT INTO basic_metrics VALUES(89,89,0.0,'Blockchain Service / DePin',0.06370000000000000662);
INSERT INTO basic_metrics VALUES(90,90,0.0,'Blockchain Service / IoT / DePin',0.1569000000000000116);
INSERT INTO basic_metrics VALUES(91,91,0.0,'Blockchain Service / Data Service / Privacy',0.1060999999999999999);
INSERT INTO basic_metrics VALUES(92,92,0.0,'Digital Identity',2.154999999999999804);
INSERT INTO basic_metrics VALUES(93,93,0.0,'Blockchain Service / Education',0.509199999999999986);
INSERT INTO basic_metrics VALUES(94,94,0.0,'Digital Identity',0.02529999999999999958);
INSERT INTO basic_metrics VALUES(95,95,0.0,'Blockchain Service / RWA',0.04200000000000000261);
INSERT INTO basic_metrics VALUES(96,96,0.0,'Blockchain Service / DePin / IoT',0.02040000000000000147);
INSERT INTO basic_metrics VALUES(97,97,0.0,'Blockchain Service / Browser',0.01340000000000000045);
INSERT INTO basic_metrics VALUES(98,98,0.0,'Digital Identity',0.05120000000000000245);
INSERT INTO basic_metrics VALUES(108,108,2.100000000000000088,'Layer 1',2.100000000000000088);
INSERT INTO basic_metrics VALUES(120,112,NULL,'DeFi',0.002299999999999999962);
INSERT INTO basic_metrics VALUES(121,147,9.43525685875704844,'Layer 1',9.4352999999999998);
INSERT INTO basic_metrics VALUES(122,148,95564.8959939862834,'Layer 1 (OLD)',95746.6864000000059);
INSERT INTO basic_metrics VALUES(123,149,1.120492082624435115,'Layer 1',1.495100000000000095);
INSERT INTO basic_metrics VALUES(124,150,0.121897653063918962,'Modular Blockchain',0.1995000000000000106);
INSERT INTO basic_metrics VALUES(125,5,0.1058695785782467757,'Layer 1',0.160200000000000009);
INSERT INTO basic_metrics VALUES(126,14,0.3016143659890416217,'Layer 2 (ETH)',0.7115000000000000213);
INSERT INTO basic_metrics VALUES(127,6,4.930296278314923341,'GameFi / Metaverse',6.909600000000000186);
INSERT INTO basic_metrics VALUES(128,7,NULL,NULL,1.219200000000000061);
INSERT INTO basic_metrics VALUES(129,20,NULL,NULL,52.41329999999999956);
INSERT INTO basic_metrics VALUES(130,24,NULL,NULL,9.77950000000000052);
INSERT INTO basic_metrics VALUES(131,25,NULL,NULL,7.623599999999999711);
INSERT INTO basic_metrics VALUES(132,27,NULL,NULL,10.6836000000000002);
INSERT INTO basic_metrics VALUES(133,29,NULL,NULL,0.335399999999999976);
INSERT INTO basic_metrics VALUES(134,61,NULL,NULL,1.580000000000000071);
INSERT INTO basic_metrics VALUES(135,62,2.955706725068211297e-05,'TON',0.0);
INSERT INTO basic_metrics VALUES(136,63,NULL,NULL,0.00959999999999999915);
INSERT INTO basic_metrics VALUES(137,64,NULL,NULL,0.004400000000000000266);
INSERT INTO basic_metrics VALUES(138,71,0.0006079191407021585338,'Layer 1',0.0008000000000000000383);
INSERT INTO basic_metrics VALUES(139,72,NULL,NULL,0.6122999999999999555);
INSERT INTO basic_metrics VALUES(140,109,NULL,NULL,0.4197000000000000174);
INSERT INTO basic_metrics VALUES(141,110,NULL,NULL,1.445100000000000051);
INSERT INTO basic_metrics VALUES(142,111,NULL,NULL,0.06719999999999999585);
INSERT INTO basic_metrics VALUES(143,113,NULL,NULL,0.0386999999999999983);
INSERT INTO basic_metrics VALUES(144,114,NULL,NULL,0.05000000000000000277);
INSERT INTO basic_metrics VALUES(145,115,NULL,NULL,4853.723100000000158);
INSERT INTO basic_metrics VALUES(146,116,NULL,NULL,0.3472000000000000086);
INSERT INTO basic_metrics VALUES(147,117,NULL,NULL,0.1381999999999999896);
INSERT INTO basic_metrics VALUES(148,118,NULL,NULL,0.1376999999999999891);
INSERT INTO basic_metrics VALUES(149,119,NULL,NULL,0.008899999999999999926);
INSERT INTO basic_metrics VALUES(150,120,NULL,NULL,1446.714999999999919);
INSERT INTO basic_metrics VALUES(151,122,NULL,NULL,0.0002999999999999999737);
INSERT INTO basic_metrics VALUES(152,123,NULL,NULL,1.760799999999999921);
INSERT INTO basic_metrics VALUES(153,124,NULL,NULL,19.94089999999999919);
INSERT INTO basic_metrics VALUES(154,79,NULL,NULL,0.4616999999999999993);
INSERT INTO basic_metrics VALUES(155,80,NULL,NULL,0.1255000000000000004);
INSERT INTO basic_metrics VALUES(156,126,NULL,NULL,0.3309000000000000275);
INSERT INTO basic_metrics VALUES(157,145,NULL,NULL,1.439899999999999958);
INSERT INTO basic_metrics VALUES(158,127,NULL,NULL,0.3256999999999999896);
INSERT INTO basic_metrics VALUES(159,128,NULL,NULL,0.5756000000000000005);
INSERT INTO basic_metrics VALUES(160,129,NULL,NULL,0.3590999999999999748);
INSERT INTO basic_metrics VALUES(161,99,NULL,NULL,0.0502999999999999975);
INSERT INTO basic_metrics VALUES(162,130,NULL,NULL,0.02709999999999999909);
INSERT INTO basic_metrics VALUES(163,132,NULL,NULL,0.0386999999999999983);
INSERT INTO basic_metrics VALUES(164,133,NULL,NULL,0.0006999999999999999929);
INSERT INTO basic_metrics VALUES(165,143,NULL,NULL,0.973899999999999988);
INSERT INTO basic_metrics VALUES(166,144,NULL,NULL,0.1423999999999999989);
INSERT INTO basic_metrics VALUES(167,146,NULL,NULL,0.2456000000000000127);
INSERT INTO basic_metrics VALUES(168,134,NULL,NULL,0.3417000000000000037);
INSERT INTO basic_metrics VALUES(169,135,NULL,NULL,10.21579999999999977);
INSERT INTO basic_metrics VALUES(170,140,NULL,NULL,1.26089999999999991);
INSERT INTO basic_metrics VALUES(171,141,NULL,NULL,0.3546000000000000263);
INSERT INTO basic_metrics VALUES(172,151,253.9533546216271134,'Layer 1',231.3781999999999926);
INSERT INTO basic_metrics VALUES(173,152,3073.37005026452016,'Layer 2 (ETH)',3711.356800000000021);
INSERT INTO basic_metrics VALUES(174,153,NULL,'Layer 1',NULL);
INSERT INTO basic_metrics VALUES(175,154,NULL,'Layer 1 (OLD)',NULL);
INSERT INTO basic_metrics VALUES(176,155,NULL,'Layer 1',NULL);
INSERT INTO basic_metrics VALUES(177,156,NULL,'Layer 1',NULL);
INSERT INTO basic_metrics VALUES(178,157,0.07401948311470880892,'Layer 1',0.07710000000000000186);
INSERT INTO basic_metrics VALUES(179,158,NULL,'Layer 1',NULL);
INSERT INTO basic_metrics VALUES(180,159,NULL,'Layer 1',NULL);
INSERT INTO basic_metrics VALUES(181,160,608.4529914611370031,'Layer 2 (ETH)',772.0452999999999975);
INSERT INTO basic_metrics VALUES(182,161,6.010972282476455319,'Layer 1',6.010972282476455319);
CREATE TABLE investing_metrics (
	id INTEGER NOT NULL, 
	project_id INTEGER NOT NULL, 
	fundraise FLOAT, 
	fund_level TEXT, 
	PRIMARY KEY (id), 
	FOREIGN KEY(project_id) REFERENCES project (id)
);
INSERT INTO investing_metrics VALUES(1,1,350000000.0,'A16Z (TIER 1+), Coinbase Ventures (TIER 1+), Binance Labs (TIER 1+), Multicoin Capital (TIER 1+), DragonFly Capital (TIER 1), Hashed Fund (TIER 1), Circle (TIER 2+)');
INSERT INTO investing_metrics VALUES(2,2,85000000.0,'Multicoin Capital (TIER 1+), Coinbase Ventures (TIER 1+), Circle (TIER 2+), Jump Crypto (TIER 2), Delphi Digital (TIER 2), GSR (TIER 3)');
INSERT INTO investing_metrics VALUES(3,3,385370000.0,'A16Z (TIER 1+), Coinbase Ventures (TIER 1+), Binance Labs (TIER 1+), Circle (TIER 2+), Electric capital (TIER 3)');
INSERT INTO investing_metrics VALUES(4,4,46300000.0,'Digital Currency Group (TIER 1+), Kenetic Capital (TIER 2+), CoinFund (TIER 2), LD Capital (TIER 2)');
INSERT INTO investing_metrics VALUES(8,8,178500000.0,'A16Z (TIER 1+), Paradigm (TIER 1+), IDEO colab ventures (TIER 3)');
INSERT INTO investing_metrics VALUES(9,9,123700000.0,'Polychain Capital (TIER 1+), Pantera capital (TIER 1), Lightspeed Venture Partners (TIER 3), ');
INSERT INTO investing_metrics VALUES(10,10,0.0,'-');
INSERT INTO investing_metrics VALUES(12,12,308420000.0,'Coinbase Ventures (TIER 1+), Arrington Capital (TIER 1), Animoca Brands (TIER 2+), Galaxy (TIER 2+), Fabric ventures (TIER 2+), ParaFi Capital (TIER 2)');
INSERT INTO investing_metrics VALUES(13,13,282500000.0,'Paradigm (TIER 1+), Coinbase Ventures (TIER 1+), Multicoin Capital (TIER 1+), Pantera capital (TIER 1), Sequoia Capital (TIER 1),  ConsenSys (TIER 2+), Ethereum Foundation + Vitalik Buterin');
INSERT INTO investing_metrics VALUES(15,15,111590000.0,'Binance Labs (TIER 1+), Coinbase Ventures (TIER 1+), Polychain Capital (TIER 1+), Blockchain Capital (TIER 1), The Spartan Group (TIER 2+), Galaxy (TIER 2+)');
INSERT INTO investing_metrics VALUES(16,16,6700000.0,'Big brain, Stratos, Matchbox');
INSERT INTO investing_metrics VALUES(17,17,0.0,'-');
INSERT INTO investing_metrics VALUES(18,18,25000000.0,'Alameda');
INSERT INTO investing_metrics VALUES(19,19,30950000.0,'Coinbase Ventures (TIER 1+), DragonFly Capital (TIER 1), Arrington Capital (TIER 1), Fabric ventures (TIER 2+), Galaxy (TIER 2+), Morningstar ventures (TIER 2), Electric capital (TIER 3), Jump crypto (TIER 3), Wintermute (TIER 3)');
INSERT INTO investing_metrics VALUES(21,21,0.0,'-');
INSERT INTO investing_metrics VALUES(22,22,10500000.0,'Arbitrum Foundation (TIER 3)');
INSERT INTO investing_metrics VALUES(23,23,21000000.0,'Paradigm (TIER 1+), Robot Ventures (TIER 3), Nascent (TIER 3), Figment Capital (TIER 4), Ethereal Ventures (TIER 4)');
INSERT INTO investing_metrics VALUES(26,26,32300000.0,'Arrington capital (TIER 1), ConsenSys (TIER 2+), CoinFund (TIER 2), Sandeep Nailwal (TIER 1 - ангел), Stani Kulechov (TIER 2 - ангел), OKX (TIER 3+)');
INSERT INTO investing_metrics VALUES(28,28,0.0,'-');
INSERT INTO investing_metrics VALUES(31,31,14200000.0,'Multicoin Capital (TIER 1+), Delphi Digital (TIER 3), Robot Ventures (TIER 3), Solana ventures (TIER 3), Framework ventures (TIER 4)');
INSERT INTO investing_metrics VALUES(32,32,17460000.0,'Binance Labs (TIER 1+), Coinbase Ventures (TIER 1+),  Pantera capital (TIER 1), Shima Capital (TIER 2+), The Spartan Group (TIER 2+), Circle (TIER 2+), Jump crypto (TIER 3) и другие слабые фонды');
INSERT INTO investing_metrics VALUES(39,39,42925000.0,'A16Z (TIER 1+), Digital Currency Group (TIER 1+), Polychain Capital (TIER 1+), Binance Labs (TIER 1+), HashKey Capital (TIER 1)');
INSERT INTO investing_metrics VALUES(40,40,0.0,'Multicoin Capital (TIER 1+), Galaxy (TIER 2+), CMS Holdings (TIER 2), Jump Trading (TIER 3), DWF Labs (TIER 3), Delphi Digital (TIER 3), CMT Digital (TIER 3), Wintermute (TIER 3), Distributed Global (TIER 3), GBV capital (TIER 3)  и другие низшие фонды');
INSERT INTO investing_metrics VALUES(41,41,37200000.0,'Polychain Capital (TIER 1+), Binance Labs (TIER 1+),HashKey Capital (TIER 1), IOSG (TIER 2), Jump crypto (TIER 3), Hack VC (TIER 3)');
INSERT INTO investing_metrics VALUES(42,42,45000000.0,'Polychain Capital (TIER 1+), Binance Labs (TIER 1+), HashKey Capital (TIER 1), Animoca Brands (TIER 2+), NGC Ventures (TIER 2+)');
INSERT INTO investing_metrics VALUES(43,43,63800000.0,'Coinbase Ventures (TIER 1+), Polychain Capital (TIER 1+), Binance Labs (TIER 1+), DragonFly Capital (TIER 1), Galaxy (TIER 2+), RockawayX (TIER 2+), Morningstar ventures (TIER 2) и другие tier 3 фонды');
INSERT INTO investing_metrics VALUES(44,44,10000000.0,'Placeholder Ventures (TIER 2), Blockchain Capital (TIER 3), Hack VC (TIER 3)');
INSERT INTO investing_metrics VALUES(45,45,12800000.0,'Coinbase Ventures (TIER 1+), IOSG (TIER 2), CMS Holdings (TIER 2), Mechanism capital (TIER 3), D1 ventures (TIER 3), Hypersphere ventures (TIER 3) и другие слабые фонды');
INSERT INTO investing_metrics VALUES(46,46,116200000.0,'Binance Labs (TIER 1+), Arrington Capital (TIER 1), Kenetic Capital (TIER 2+), Fenbushi Capital (TIER 2), LD Capital (TIER 2) + неизвестные инвестора (N/A) и инвестора низшего TIER-a');
INSERT INTO investing_metrics VALUES(47,47,NULL,'A16Z (TIER 1+), Coinbase Ventures (TIER 1+), Hashed Fund (TIER 1), Animoca Brands (TIER 2+), Standard Crypto (TIER 2)');
INSERT INTO investing_metrics VALUES(49,49,15870000.0,'Binance Labs (TIER 1+)');
INSERT INTO investing_metrics VALUES(50,50,38100000.0,'Polychain Capital (TIER 1+), DragonFly Capital (TIER 1), IOSG (TIER 2), Franklin Templeton (tier 3), Brevan Howard (TIER 3), Tess ventures (TIER 3)');
INSERT INTO investing_metrics VALUES(51,51,10000000.0,'Animoca Brands (TIER 2+), CMS Holdings (TIER 2) и другие слабые фонды');
INSERT INTO investing_metrics VALUES(52,52,3000000.0,'Merit Circle (TIER 2), 1kx (TIER 3), другие фонды, низших категорий');
INSERT INTO investing_metrics VALUES(53,53,6600000.0,'Binance Labs (TIER 1+), Morningstar ventures (TIER 2), FunPlus (TIER 4)');
INSERT INTO investing_metrics VALUES(54,54,10300000.0,'Digital Currency Group (TIER 1+), Circle (TIER 2+), OKX (TIER 3), Sound Ventures (TIER 4), North Island Ventures (TIER 4)');
INSERT INTO investing_metrics VALUES(55,55,14000000.0,'Polygon (TIER 3), Galaxy Interactive (TIER 3), Ancient8 (TIER 3), GSR (TIER 3), Formless capital (TIER 3) и другие фонды низшего ранга');
INSERT INTO investing_metrics VALUES(56,56,13000000.0,'Jump crypto (TIER 3), Collab+Currency (TIER 3), Everest ventures (TIER 4), Parataxis Capital (TIER 4), MZ Web3 Fund (TIER 4)');
INSERT INTO investing_metrics VALUES(57,57,7200000.0,'Animoca Brands (TIER 2+), Fenbushi Capital (TIER 2), Mechanism capital (TIER 3), Collab+Currency (TIER 3), Yield guild games (TIER 3) и другие фонды низшего ранга');
INSERT INTO investing_metrics VALUES(58,58,8000000.0,'Binance Labs (TIER 1+), HashKey Capital (TIER 1), Animoca Brands (TIER 2+), Merit Circle (TIER 2), Delphi Digital (TIER 3), Genblock capital (TIER 3), Mechanism capital (TIER 3)');
INSERT INTO investing_metrics VALUES(60,60,10000000.0,'Animoca Brands (TIER 2+), Merit Circle (TIER 2), Fenbushi Capital (TIER 2), Rarestone Capital (TIER 3),  и другие фонды низшего ранга');
INSERT INTO investing_metrics VALUES(65,65,25100000.0,'Binance Labs (TIER 1+), Multicoin Capital (TIER 1+), Hashed Fund (TIER 1), Animoca Brands (TIER 2+), The Spartan Group (TIER 2+), IOSG (TIER 2)');
INSERT INTO investing_metrics VALUES(66,66,7000000.0,'Digital Currency Group (TIER 1+), HashKey Capital (TIER 1), Animoca Brands (TIER 2+), Morningstar ventures (TIER 2), GBV capital (TIER 3)');
INSERT INTO investing_metrics VALUES(67,67,6000000.0,'Binance Labs (TIER 1+), Sequoia Capital (TIER 1)');
INSERT INTO investing_metrics VALUES(68,68,10000000.0,'Coinbase Ventures (TIER 1+), DragonFly Capital (TIER 1), HashKey Capital (TIER 1), Fabric ventures (TIER 2+), SevenX ventures (TIER 3), Continue Capital (TIER 3) и множество других фондов низшего ранга');
INSERT INTO investing_metrics VALUES(69,69,1200000.0,'CMS Holdings (TIER 2), Sora ventures (TIER 3), Double Peak (TIER 4), DV Chain (TIER 4)');
INSERT INTO investing_metrics VALUES(70,70,6150000.0,'Sequoia Capital (TIER 1), Arrington Capital (TIER 1), HashKey Capital (TIER 1), Kenetic Capital (TIER 2+), Wintermute (TIER 3), GBV capital (TIER 3), FBG Capital (TIER 3), Sino Global Capital (TIER 3)');
INSERT INTO investing_metrics VALUES(73,73,19000000.0,'Multicoin Capital (TIER 1+),NGC Ventures (TIER 2+), The Spartan Group (TIER 2+), IOSG (TIER 2), CMS Holdings (TIER 2), LD Capital (TIER 2), Galaxy interactive (TIER 3), BITkraft ventures (TIER 3), IDEO colab ventures (TIER 3), Sfermion (TIER 3)');
INSERT INTO investing_metrics VALUES(75,75,0.0,'-');
INSERT INTO investing_metrics VALUES(76,76,0.0,'-');
INSERT INTO investing_metrics VALUES(77,77,6000000.0,'Binance Labs (TIER 1+)');
INSERT INTO investing_metrics VALUES(78,78,0.0,'-');
INSERT INTO investing_metrics VALUES(84,84,10000000.0,'Binance Labs (TIER 1+), Polychain Capital (TIER 1+), dao5 (TIER 5)');
INSERT INTO investing_metrics VALUES(85,85,12000000.0,'Binance Labs (TIER 1+), Coinbase Ventures (TIER 1+), Digital Currency Group (TIER 1+)');
INSERT INTO investing_metrics VALUES(86,86,1000000.0,'Ethereum Foundation (TIER 4), Chainlink (TIER 4), Protocol Labs (TIER 4)');
INSERT INTO investing_metrics VALUES(87,87,20640000.0,'Coinbase Ventures (TIER 1+), Multicoin Capital (TIER 1+), Binance Labs (TIER 1+), DragonFly Capital (TIER 1), HashKey Capital (TIER 1), The Spartan Group (TIER 2+), Shima Capital (TIER 2+) и другие фонды низшего ранга');
INSERT INTO investing_metrics VALUES(88,88,12200000.0,'Binance Labs (TIER 1+), Coinbase Ventures (TIER 1+), Fenbushi Capital (TIER 2), Morningstar ventures (TIER 2), CoinFund (TIER 2), Eden block (TIER 3), Mechanism capital (TIER 3), Genblock capital (TIER 3) и другие фонды низшего ранга');
INSERT INTO investing_metrics VALUES(89,89,21000000.0,'Multicoin Capital (TIER 1+), Solana ventures (TIER 3), Google Ventures (TIER 3) и другие фонды низшего ранга');
INSERT INTO investing_metrics VALUES(90,90,20500000.0,'Variant (TIER 2+), CoinFund (TIER 2), Slow ventures (TIER 3) и другие фонды низшего ранга');
INSERT INTO investing_metrics VALUES(91,91,23000000.0,'A16Z (TIER 1+), Coinbase Ventures (TIER 1+), Digital Currency Group (TIER 1+), Blockchain Capital (TIER 1) и другие фонды низшего ранга');
INSERT INTO investing_metrics VALUES(92,92,240000000.0,'A16Z (TIER 1+), Digital Currency Group (TIER 1+), Multicoin Capital (TIER 1+), Coinbase Ventures (TIER 1+), Hashed Fund (TIER 1), Variant (TIER 2+), Kenetic Capital (TIER 2+), CoinFund (TIER 2)');
INSERT INTO investing_metrics VALUES(93,93,9150000.0,'Binance Labs (TIER 1+)');
INSERT INTO investing_metrics VALUES(94,94,40000000.0,'DWF Labs (TIER 3), Ticker Capital (TIER 5)');
INSERT INTO investing_metrics VALUES(95,95,10000000.0,'DWF Labs (TIER 3)');
INSERT INTO investing_metrics VALUES(96,96,1150000.0,'DWF Labs (TIER 3)');
INSERT INTO investing_metrics VALUES(97,97,600000.0,'-');
INSERT INTO investing_metrics VALUES(98,98,11730000.0,'Binance Labs (TIER 1+), DAO Maker (TIER 3), Protocol Labs (TIER 4)');
INSERT INTO investing_metrics VALUES(99,152,18300000.0,NULL);
INSERT INTO investing_metrics VALUES(100,151,359550000.0,'-');
INSERT INTO investing_metrics VALUES(101,149,NULL,NULL);
INSERT INTO investing_metrics VALUES(102,6,NULL,NULL);
INSERT INTO investing_metrics VALUES(103,71,22010000000.0,NULL);
INSERT INTO investing_metrics VALUES(104,5,0.0,'-');
CREATE TABLE social_metrics (
	id INTEGER NOT NULL, 
	project_id INTEGER NOT NULL, 
	twitter INTEGER, 
	twitterscore INTEGER, 
	PRIMARY KEY (id), 
	FOREIGN KEY(project_id) REFERENCES project (id)
);
INSERT INTO social_metrics VALUES(1,1,'3.85K',1);
INSERT INTO social_metrics VALUES(2,2,'769K',220);
INSERT INTO social_metrics VALUES(3,3,'867K',309);
INSERT INTO social_metrics VALUES(4,4,'307K',99);
INSERT INTO social_metrics VALUES(8,8,'715K',682);
INSERT INTO social_metrics VALUES(9,9,'1.11M',603);
INSERT INTO social_metrics VALUES(10,10,'863K',184);
INSERT INTO social_metrics VALUES(12,12,'432K',382);
INSERT INTO social_metrics VALUES(13,13,'333K',152);
INSERT INTO social_metrics VALUES(15,15,'399K',250);
INSERT INTO social_metrics VALUES(16,16,'209K',177);
INSERT INTO social_metrics VALUES(17,17,'222K',52);
INSERT INTO social_metrics VALUES(18,18,259722,157);
INSERT INTO social_metrics VALUES(19,19,193633,154);
INSERT INTO social_metrics VALUES(21,21,'430K',282);
INSERT INTO social_metrics VALUES(22,22,233170,161);
INSERT INTO social_metrics VALUES(23,23,'190K',217);
INSERT INTO social_metrics VALUES(26,26,'189K',159);
INSERT INTO social_metrics VALUES(28,28,185485,142);
INSERT INTO social_metrics VALUES(31,31,'77.6K',156);
INSERT INTO social_metrics VALUES(32,32,219555,64);
INSERT INTO social_metrics VALUES(39,39,'163K',127);
INSERT INTO social_metrics VALUES(40,40,'242K',265);
INSERT INTO social_metrics VALUES(41,41,'664K',143);
INSERT INTO social_metrics VALUES(42,42,'1.5M',524);
INSERT INTO social_metrics VALUES(43,43,NULL,NULL);
INSERT INTO social_metrics VALUES(44,44,'116K',135);
INSERT INTO social_metrics VALUES(45,45,'72.1K',54);
INSERT INTO social_metrics VALUES(46,46,'6.52K',1);
INSERT INTO social_metrics VALUES(47,47,'431K',318);
INSERT INTO social_metrics VALUES(49,49,'2.01M',70);
INSERT INTO social_metrics VALUES(50,50,'469K',150);
INSERT INTO social_metrics VALUES(51,51,'310K',165);
INSERT INTO social_metrics VALUES(52,52,'313K',219);
INSERT INTO social_metrics VALUES(53,53,'711K',52);
INSERT INTO social_metrics VALUES(54,54,'745K',175);
INSERT INTO social_metrics VALUES(55,55,'257K',38);
INSERT INTO social_metrics VALUES(56,56,'203K',60);
INSERT INTO social_metrics VALUES(57,57,'323K',123);
INSERT INTO social_metrics VALUES(58,58,'434K',84);
INSERT INTO social_metrics VALUES(60,60,'197K',66);
INSERT INTO social_metrics VALUES(65,65,'598K',108);
INSERT INTO social_metrics VALUES(66,66,'119K',28);
INSERT INTO social_metrics VALUES(67,67,'170K',26);
INSERT INTO social_metrics VALUES(68,68,'88.7K',53);
INSERT INTO social_metrics VALUES(69,69,97896,56);
INSERT INTO social_metrics VALUES(70,70,'56.6K',63);
INSERT INTO social_metrics VALUES(73,73,'75.4K',137);
INSERT INTO social_metrics VALUES(75,75,NULL,NULL);
INSERT INTO social_metrics VALUES(76,76,NULL,NULL);
INSERT INTO social_metrics VALUES(77,77,NULL,NULL);
INSERT INTO social_metrics VALUES(78,78,32356,20);
INSERT INTO social_metrics VALUES(84,84,'790K',50);
INSERT INTO social_metrics VALUES(85,85,NULL,NULL);
INSERT INTO social_metrics VALUES(86,86,'264K',460);
INSERT INTO social_metrics VALUES(87,87,'1.47M',214);
INSERT INTO social_metrics VALUES(88,88,'123K',144);
INSERT INTO social_metrics VALUES(89,89,'48.7K',95);
INSERT INTO social_metrics VALUES(90,90,'25.3K',55);
INSERT INTO social_metrics VALUES(91,91,NULL,NULL);
INSERT INTO social_metrics VALUES(92,92,'436K',255);
INSERT INTO social_metrics VALUES(93,93,'295K',55);
INSERT INTO social_metrics VALUES(94,94,'133K',21);
INSERT INTO social_metrics VALUES(95,95,'63.7K',16);
INSERT INTO social_metrics VALUES(96,96,'83.8K',11);
INSERT INTO social_metrics VALUES(97,97,'293K',38);
INSERT INTO social_metrics VALUES(98,98,'146K',31);
INSERT INTO social_metrics VALUES(99,152,'3.56M',1000);
INSERT INTO social_metrics VALUES(100,151,'2.9M',812);
INSERT INTO social_metrics VALUES(101,149,'966K',85);
INSERT INTO social_metrics VALUES(102,125,'223K',41);
INSERT INTO social_metrics VALUES(103,6,'2.57M',187);
INSERT INTO social_metrics VALUES(104,126,'2.03M',742);
INSERT INTO social_metrics VALUES(105,127,'2.53M',178);
INSERT INTO social_metrics VALUES(106,128,'1.37M',143);
INSERT INTO social_metrics VALUES(107,129,'1.04M',502);
INSERT INTO social_metrics VALUES(108,130,'558K',445);
INSERT INTO social_metrics VALUES(109,131,'1.87M',433);
INSERT INTO social_metrics VALUES(110,132,NULL,NULL);
INSERT INTO social_metrics VALUES(111,133,'1.61M',220);
INSERT INTO social_metrics VALUES(112,134,'73.8K',1);
INSERT INTO social_metrics VALUES(113,135,NULL,NULL);
INSERT INTO social_metrics VALUES(114,136,'2.65M',53);
INSERT INTO social_metrics VALUES(115,137,'13.9M',48);
INSERT INTO social_metrics VALUES(116,138,'3.72M',19);
INSERT INTO social_metrics VALUES(117,139,'3.1M',35);
INSERT INTO social_metrics VALUES(118,140,'259K',377);
INSERT INTO social_metrics VALUES(119,141,NULL,NULL);
INSERT INTO social_metrics VALUES(120,142,'22.4K',1);
INSERT INTO social_metrics VALUES(121,120,'230K',40);
INSERT INTO social_metrics VALUES(122,143,'228K',338);
INSERT INTO social_metrics VALUES(123,144,NULL,NULL);
INSERT INTO social_metrics VALUES(124,145,NULL,NULL);
INSERT INTO social_metrics VALUES(125,146,NULL,NULL);
INSERT INTO social_metrics VALUES(126,147,'204K',79);
INSERT INTO social_metrics VALUES(127,148,NULL,NULL);
INSERT INTO social_metrics VALUES(128,150,'50.6K',80);
INSERT INTO social_metrics VALUES(129,153,'106K',93);
INSERT INTO social_metrics VALUES(130,154,'149K',18);
INSERT INTO social_metrics VALUES(131,155,'1.04M',51);
INSERT INTO social_metrics VALUES(132,156,'768K',262);
INSERT INTO social_metrics VALUES(133,157,'1.21M',35);
INSERT INTO social_metrics VALUES(134,158,'20.6K',9);
INSERT INTO social_metrics VALUES(135,159,'46.7K',116);
INSERT INTO social_metrics VALUES(136,160,'3.61M',329);
INSERT INTO social_metrics VALUES(137,161,'685K',209);
INSERT INTO social_metrics VALUES(138,162,'38K',73);
INSERT INTO social_metrics VALUES(139,163,'7.01K',59);
INSERT INTO social_metrics VALUES(140,164,'215K',222);
INSERT INTO social_metrics VALUES(141,165,NULL,NULL);
INSERT INTO social_metrics VALUES(142,166,'356K',157);
INSERT INTO social_metrics VALUES(143,167,NULL,NULL);
INSERT INTO social_metrics VALUES(144,168,'111K',58);
INSERT INTO social_metrics VALUES(145,169,'120K',5);
INSERT INTO social_metrics VALUES(146,71,'3.66M',23);
INSERT INTO social_metrics VALUES(147,5,'232K',44);
INSERT INTO social_metrics VALUES(148,122,NULL,NULL);
INSERT INTO social_metrics VALUES(149,173,'3.49M',1000);
INSERT INTO social_metrics VALUES(150,172,'2.88M',813);
INSERT INTO social_metrics VALUES(151,170,'254K',389);
INSERT INTO social_metrics VALUES(152,124,'214K',14);
INSERT INTO social_metrics VALUES(153,123,'957K',80);
INSERT INTO social_metrics VALUES(154,14,'2.04M',763);
INSERT INTO social_metrics VALUES(155,7,'1.39M',145);
INSERT INTO social_metrics VALUES(156,20,'1.09M',513);
INSERT INTO social_metrics VALUES(157,29,'1.63M',222);
INSERT INTO social_metrics VALUES(158,27,'1.51M',508);
INSERT INTO social_metrics VALUES(159,63,'2.68M',55);
INSERT INTO social_metrics VALUES(160,64,'13.8M',51);
INSERT INTO social_metrics VALUES(161,72,'3.1M',38);
INSERT INTO social_metrics VALUES(162,62,'5.69K',1);
INSERT INTO social_metrics VALUES(163,109,'259K',404);
INSERT INTO social_metrics VALUES(164,116,'91.3K',226);
INSERT INTO social_metrics VALUES(165,115,'48.2K',1);
INSERT INTO social_metrics VALUES(166,114,'124K',37);
INSERT INTO social_metrics VALUES(167,110,'24.6K',7);
CREATE TABLE tokenomics (
	id INTEGER NOT NULL, 
	project_id INTEGER NOT NULL, 
	circ_supply FLOAT, 
	total_supply FLOAT, 
	capitalization FLOAT, 
	fdv FLOAT, 
	PRIMARY KEY (id), 
	FOREIGN KEY(project_id) REFERENCES project (id)
);
INSERT INTO tokenomics VALUES(1,1,535275355.9345440864,1129297085.866805791,7526050966.09955597,15878084671.50989341);
INSERT INTO tokenomics VALUES(2,2,3982916666.0,10000000000.0,2685933069.791594505,6743633610.815784455);
INSERT INTO tokenomics VALUES(3,3,2927660018.558887958,10000000000.0,11173432205.71685791,38165060611.15959168);
INSERT INTO tokenomics VALUES(4,4,52840817791.65670014,102832728937.5206757,1706658878.992395402,3321303439.780383587);
INSERT INTO tokenomics VALUES(8,8,1255070491.0,4294967296.0,3223450184.348724842,11030944653.18198966);
INSERT INTO tokenomics VALUES(9,9,4097359817.0,10000000000.0,4686825641.281137467,11438647935.76447869);
INSERT INTO tokenomics VALUES(10,10,3366841707.836840629,6219316794.989999772,3541861890.057988643,6542618587.354200363);
INSERT INTO tokenomics VALUES(12,12,1694765880.389814138,2000000000.0,3592643556.270058631,4239693042.963211537);
INSERT INTO tokenomics VALUES(13,13,2259283720.0,10000000000.0,1643956973.681343555,7276452085.802412987);
INSERT INTO tokenomics VALUES(15,15,440650462.6845830083,1087456438.355865001,3765891571.709972382,9293631534.7465458);
INSERT INTO tokenomics VALUES(16,16,215311868.0,1036694120.0,365512078.2576528788,1759885443.558961392);
INSERT INTO tokenomics VALUES(17,17,62621513.0,1396500000.0,2916671.304872900247,65043645.26061523706);
INSERT INTO tokenomics VALUES(18,18,204338417.4544444978,1000000000.0,55241605.4909965098,270343708.144417584);
INSERT INTO tokenomics VALUES(19,19,465444944.2512999773,1000000000.0,62348884.85859398544,133955445.4907366782);
INSERT INTO tokenomics VALUES(21,21,1350000000.0,10000000000.0,1464574299.365828038,10848698513.82094956);
INSERT INTO tokenomics VALUES(22,22,9765997.65924178995,9765997.65924178995,207742721.1689156294,207742721.1689156294);
INSERT INTO tokenomics VALUES(23,23,695242723.2306170464,997798958.425667048,380562024.3409975768,546175283.5604342222);
INSERT INTO tokenomics VALUES(26,26,207550055.0,1000000000.0,373550801.5321716667,1799810660.28708911);
INSERT INTO tokenomics VALUES(28,28,744057.1762689499883,994486.456015840056,32742880.27239242941,43763237.5580668971);
INSERT INTO tokenomics VALUES(31,31,131097355.2999999971,1000000000.0,471087757.6151831746,3593419230.595136165);
INSERT INTO tokenomics VALUES(32,32,429057744.0111638308,2000000000.0,68610184.34478196502,319817951.3245040774);
INSERT INTO tokenomics VALUES(39,39,803103234.8557269574,1000000000.0,79072610.59259071946,98458837.121725291);
INSERT INTO tokenomics VALUES(40,40,3624988786.438567161,9999988786.43856621,1927507189.668322324,5317271698.762975692);
INSERT INTO tokenomics VALUES(41,41,2286554196.406703948,10000000000.0,254970390.3484927713,1115085707.345909834);
INSERT INTO tokenomics VALUES(42,42,3675000000.0,21000000000.0,848120668.7226393223,4846403821.272224427);
INSERT INTO tokenomics VALUES(43,43,862967899.4329121112,1179628213.049787045,935100301.206373691,1278229118.440280914);
INSERT INTO tokenomics VALUES(44,44,138063734.0,1000000000.0,43815528.52872029692,317357261.4566566349);
INSERT INTO tokenomics VALUES(45,45,720067831.5304780006,1147041912.530478,13055291.57496440784,20796605.48779336735);
INSERT INTO tokenomics VALUES(46,46,6939923952.0,10000000000.0,12661060.41842642799,18243802.82261978835);
INSERT INTO tokenomics VALUES(47,47,752651515.0,1000000000.0,1453109800.429949283,1930654189.183355809);
INSERT INTO tokenomics VALUES(49,49,32704741691.40363311,69000000000.0,540855995.9364000559,1141090306.468338013);
INSERT INTO tokenomics VALUES(50,50,695459846.4512364864,3000000000.0,29004626.73330604657,125117043.9874119908);
INSERT INTO tokenomics VALUES(51,51,673183357.583182931,1309525745.863507986,128491342.0936675667,249950802.7000229954);
INSERT INTO tokenomics VALUES(52,52,269552951.6254771947,347714007.0,98211297.7926208973,126689185.4910587519);
INSERT INTO tokenomics VALUES(53,53,39020915.0,146307870.0,78106802.87004332244,292859354.026575923);
INSERT INTO tokenomics VALUES(54,54,1317178069.910049915,5000000000.0,279009206.0142802596,1059117261.318106412);
INSERT INTO tokenomics VALUES(55,55,1045324204.750658988,3000000000.0,258338403.4647965729,741411331.4053164721);
INSERT INTO tokenomics VALUES(56,56,4015011825.0,10000000000.0,22117109.55670065432,55086038.39965192228);
INSERT INTO tokenomics VALUES(57,57,1148124004.660000086,5000000000.0,317401185.4766348601,1382260035.450737476);
INSERT INTO tokenomics VALUES(58,58,33062882.0,250000000.0,42195632.65637840331,319055917.8747515082);
INSERT INTO tokenomics VALUES(60,60,1066410000.0,5000000000.0,8084395.983782718889,37904726.9989156127);
INSERT INTO tokenomics VALUES(65,65,30873083.0,100000000.0,116289863.1067624838,376670717.0345199704);
INSERT INTO tokenomics VALUES(66,66,835989673.2704920768,1000000000.0,5228472.241997311824,6254230.655198047869);
INSERT INTO tokenomics VALUES(67,67,203332251.0757389664,500000000.0,83527495.52349311113,205396574.0348294973);
INSERT INTO tokenomics VALUES(68,68,674916665.0,1000000000.0,72239141.81597490608,107034165.1972320378);
INSERT INTO tokenomics VALUES(69,69,35615804616.14830018,87978427267.87637329,51182790.38078658283,126432112.0753602535);
INSERT INTO tokenomics VALUES(70,70,708723546.743159771,1000000000.0,176010609.0415637196,248348752.9804758727);
INSERT INTO tokenomics VALUES(73,73,8189833602.669673919,9870903732.81426048,76539005.80197627843,92249634.6971376241);
INSERT INTO tokenomics VALUES(75,75,7380936.0,7380936.0,3621756407.89961195,3621756407.89961195);
INSERT INTO tokenomics VALUES(76,76,819528083.4594119787,1000000000.0,121235442.1192666441,147933236.9032488168);
INSERT INTO tokenomics VALUES(77,77,292859589.0410959125,1000000000.0,56969039.54060378671,194526802.8516202569);
INSERT INTO tokenomics VALUES(78,78,868563455.0,1000000000.0,129450549.0,149039829.1999999881);
INSERT INTO tokenomics VALUES(84,84,796057180.5383956433,1995334959.538395644,349828861.9619839191,876853792.9099313021);
INSERT INTO tokenomics VALUES(85,85,225100000.0,1000000000.0,449921829.283414185,1998764234.93298173);
INSERT INTO tokenomics VALUES(86,86,34137960.22345256806,100000000.0,655499528.3850568533,1920148491.867808818);
INSERT INTO tokenomics VALUES(87,87,9435821.72159961984,81686490.534255296,16874856.49461851642,146086673.3163424731);
INSERT INTO tokenomics VALUES(88,88,881260458.5006349087,1000000000.0,245666652.2919638156,278767360.9115945696);
INSERT INTO tokenomics VALUES(89,89,2935355943.659056186,6386410903.351823806,187122972.152163446,407120707.8656699061);
INSERT INTO tokenomics VALUES(90,90,240772921.1666132211,1000000000.0,37773869.19548954814,156885869.9411230386);
INSERT INTO tokenomics VALUES(91,91,480734585.0,1000000000.0,50998421.60183857381,106084361.7103990466);
INSERT INTO tokenomics VALUES(92,92,678997323.4740480184,10000000000.0,1463229850.301549911,21549861828.83644485);
INSERT INTO tokenomics VALUES(93,93,339343750.1157000065,1000000000.0,172809355.8362162412,509245730.2581718565);
INSERT INTO tokenomics VALUES(94,94,155815686.6723589897,562339635.4751777649,3947144.519655242097,14245265.40141049958);
INSERT INTO tokenomics VALUES(95,95,1000019789.0,10000000000.0,42036243.036787875,420354111.9803568125);
INSERT INTO tokenomics VALUES(96,96,502900359.0125713945,1000000000.0,10282897.41593451985,20447186.46875626967);
INSERT INTO tokenomics VALUES(97,97,396585067.9054485559,939599261.383955837,5318089.026588643902,12599749.5259910673);
INSERT INTO tokenomics VALUES(98,98,700116242.0,710179226.0,35861085.43605044485,36376527.74022371322);
INSERT INTO tokenomics VALUES(108,108,NULL,10000000000.0,NULL,21000000000.0);
INSERT INTO tokenomics VALUES(118,112,23766730812.0,50000000000.0,53797781.25775344669,113178757.4894199222);
INSERT INTO tokenomics VALUES(119,113,999941673.0,1000000000.0,38710071.05581309646,38712329.02982842178);
INSERT INTO tokenomics VALUES(120,147,517287986.5959966182,1122619499.5333848,4880745023.48250103,10592203332.74677468);
INSERT INTO tokenomics VALUES(121,148,19790568.0,19790568.0,1894881307496.660645,1894881307496.660645);
INSERT INTO tokenomics VALUES(122,149,76617517.98160000145,900000000.0,114554428.7397783548,1345632024.918376207);
INSERT INTO tokenomics VALUES(123,150,543380367.0,999999988.0,108383275.9515817315,199461153.2421862781);
INSERT INTO tokenomics VALUES(124,5,25293305279.52710723,25293305279.52710723,4051801182.482463836,4051801182.482463836);
INSERT INTO tokenomics VALUES(125,14,8346794281.69092083,10312906621.1684475,5938939030.614128112,7337873869.239340783);
INSERT INTO tokenomics VALUES(126,6,2550010363.190655708,5116718570.773704529,17619513210.25898743,35354401594.71393586);
INSERT INTO tokenomics VALUES(127,7,35085884197.24636078,44994868463.33722686,42777242148.70097352,54858426052.04134368);
INSERT INTO tokenomics VALUES(128,20,409353597.5065127611,447689897.5065127611,21455588155.80155944,23464921576.16845321);
INSERT INTO tokenomics VALUES(129,24,390934204.0,390934204.0,3823128888.781703473,3823128888.781703473);
INSERT INTO tokenomics VALUES(130,25,1217906155.0,1223573443.0,9284865370.09924507,9328070674.44683648);
INSERT INTO tokenomics VALUES(131,27,1525560737.435418368,1525560737.435418368,16298540470.97004127,16298540470.97004127);
INSERT INTO tokenomics VALUES(132,29,86283351344.12567139,86283438989.78611756,28936017522.40457535,28936046915.2865944);
INSERT INTO tokenomics VALUES(133,61,84235303.0,1000000000.0,133094646.6378792078,1580034046.270115613);
INSERT INTO tokenomics VALUES(134,62,675067692800.0621338,675067692800.0621338,741459.5330957251136,741459.5330957251136);
INSERT INTO tokenomics VALUES(135,63,102456957533.5628967,102456957533.5599976,982268301.106624365,982268301.10659659);
INSERT INTO tokenomics VALUES(136,64,64375000000.0,100000000000.0,284069068.9488446116,441272340.1147100925);
INSERT INTO tokenomics VALUES(137,71,516750000000.0,550000000000.0,403657314.7943623662,429630426.9702937602);
INSERT INTO tokenomics VALUES(138,72,286216950.0,1000000000.0,175256413.0310221314,612320175.4159637689);
INSERT INTO tokenomics VALUES(139,109,2048832517.884322643,3000000000.0,859954181.0669742823,1259186644.433462858);
INSERT INTO tokenomics VALUES(140,110,77310001.0,77310001.0,111718390.0892315953,111718390.0892315953);
INSERT INTO tokenomics VALUES(141,111,362031240.0,2500000000.0,24334788.39331774414,168043429.0236786007);
INSERT INTO tokenomics VALUES(142,114,2959135415.434540748,10000000000.0,147837556.1408917904,499597130.1948081852);
INSERT INTO tokenomics VALUES(143,115,32030.0,100000.0,155464752.4687029124,485372314.9194595813);
INSERT INTO tokenomics VALUES(144,116,755813146.0,999983869.0,262448496.0749463439,347234318.3063081502);
INSERT INTO tokenomics VALUES(145,117,299389916.6140255331,633045269.0,41377220.20037741214,87490099.16051748395);
INSERT INTO tokenomics VALUES(146,118,250758585.0,357242302.0,34537262.01030358672,49203384.144706361);
INSERT INTO tokenomics VALUES(147,119,29300717.91301564127,1000000000.0,259674.2148442172912,8862384.041753040627);
INSERT INTO tokenomics VALUES(148,120,10000.0,10000.0,14467149.82155765779,14467149.82155765779);
INSERT INTO tokenomics VALUES(149,122,180406874.4019432068,1000000000.0,54201.77047993034649,300441.8244017121033);
INSERT INTO tokenomics VALUES(150,123,10578424.0,21000000.0,18626608.90277019143,36977038.06901425868);
INSERT INTO tokenomics VALUES(151,124,11558205.41704793088,11838486.30000000074,230481211.5470766127,236070269.2896389068);
INSERT INTO tokenomics VALUES(152,79,239375000.0,1000000000.0,110519985.4972760379,461702289.2836596965);
INSERT INTO tokenomics VALUES(153,80,744164387.0,998099628.0,93374433.6638533174,125237096.9811038225);
INSERT INTO tokenomics VALUES(154,126,29996539741.14980317,50001786911.16304779,9927133798.24014091,16547722940.76548577);
INSERT INTO tokenomics VALUES(155,145,56931242174.0,99987013354.0,81973162183.89064025,143967553648.3101501);
INSERT INTO tokenomics VALUES(156,127,909908691.1557309627,1109003795.327831983,296319126.708319664,361156058.1209044457);
INSERT INTO tokenomics VALUES(157,128,140393133.1702224315,141434815.1702224315,80810433.26691454649,81410026.50801903009);
INSERT INTO tokenomics VALUES(158,129,110041531.39319624,1000000000.0,39520318.78322409839,359140029.0678579211);
INSERT INTO tokenomics VALUES(159,99,0.0,3333333333.0,0.0,167746067.6168182493);
INSERT INTO tokenomics VALUES(160,130,9996068399.47893905,11035000000.0,270503446.2000682951,298617957.5335190297);
INSERT INTO tokenomics VALUES(161,132,162237935.0,1000000000.0,6280525.955937890335,38711821.35015396028);
INSERT INTO tokenomics VALUES(162,133,89279616082.71984863,100882040807.7227631,58206263.74039300531,65770518.86606315523);
INSERT INTO tokenomics VALUES(163,143,1389759838.478360414,10000000000.0,1353528959.329966784,9739301150.13208008);
INSERT INTO tokenomics VALUES(164,144,38198871415.58773041,50000000000.0,5440638807.992581367,7121465381.530136109);
INSERT INTO tokenomics VALUES(165,146,8280060674.66962719,10000000000.0,2033771916.447988987,2456228277.009740829);
INSERT INTO tokenomics VALUES(166,134,241347782.0,250000000.0,82469270.89072680474,85425760.0870833844);
INSERT INTO tokenomics VALUES(167,135,56799582.10122948884,1000000000.0,580255565.0643005372,10215842152.32703781);
INSERT INTO tokenomics VALUES(168,140,643931707.2100000382,770455822.330000043,811917815.3948858977,971448992.37030375);
INSERT INTO tokenomics VALUES(169,141,290681247.4779139757,999835492.24967897,103069480.0350402593,354520717.1115601062);
INSERT INTO tokenomics VALUES(170,151,475242030.9784796237,589414408.0371911526,109960667219.2269592,136377671484.4696045);
INSERT INTO tokenomics VALUES(171,152,120441990.119615823,120441990.119615823,447003194859.8671875,447003194859.8671875);
INSERT INTO tokenomics VALUES(172,157,988919270.0,7252848418.426968574,76215234.23892940581,558971351.7361837626);
INSERT INTO tokenomics VALUES(173,160,144009377.3000000119,144009377.3000000119,111181765788.2405395,111181765788.2405395);
CREATE TABLE top_and_bottom (
	id INTEGER NOT NULL, 
	project_id INTEGER NOT NULL, 
	lower_threshold FLOAT, 
	upper_threshold FLOAT, 
	PRIMARY KEY (id), 
	FOREIGN KEY(project_id) REFERENCES project (id)
);
INSERT INTO top_and_bottom VALUES(1,1,5.490999999999999659,14.86999999999999922);
INSERT INTO top_and_bottom VALUES(2,2,0.2515000000000000013,0.7217999999999999972);
INSERT INTO top_and_bottom VALUES(3,3,0.7793999999999999818,3.94300000000000006);
INSERT INTO top_and_bottom VALUES(4,4,0.01311999999999999972,0.01861000000000000155);
INSERT INTO top_and_bottom VALUES(8,8,1.288999999999999924,2.676000000000000156);
INSERT INTO top_and_bottom VALUES(9,9,0.4598999999999999755,1.143000000000000015);
INSERT INTO top_and_bottom VALUES(10,10,0.3099999999999999978,0.949999999999999956);
INSERT INTO top_and_bottom VALUES(12,12,1.022000000000000019,2.25);
INSERT INTO top_and_bottom VALUES(13,13,0.3174000000000000154,0.5220000000000000195);
INSERT INTO top_and_bottom VALUES(15,15,3.724000000000000198,8.938000000000000612);
INSERT INTO top_and_bottom VALUES(16,16,1.129999999999999893,2.105999999999999873);
INSERT INTO top_and_bottom VALUES(17,17,0.04898999999999999883,0.1087000000000000049);
INSERT INTO top_and_bottom VALUES(18,18,0.2569000000000000172,0.4005000000000000226);
INSERT INTO top_and_bottom VALUES(19,19,0.1118999999999999995,0.2018000000000000071);
INSERT INTO top_and_bottom VALUES(21,21,0.6589000000000000412,1.110999999999999988);
INSERT INTO top_and_bottom VALUES(22,22,17.66000000000000014,36.71000000000000085);
INSERT INTO top_and_bottom VALUES(23,23,0.3546000000000000263,0.6885999999999999899);
INSERT INTO top_and_bottom VALUES(26,26,1.199000000000000065,2.05699999999999994);
INSERT INTO top_and_bottom VALUES(28,28,0.02247999999999999999,0.06171999999999999709);
INSERT INTO top_and_bottom VALUES(31,31,1.798999999999999933,3.728000000000000202);
INSERT INTO top_and_bottom VALUES(32,32,0.1156999999999999973,0.2615000000000000102);
INSERT INTO top_and_bottom VALUES(39,39,0.05600000000000000116,0.1499999999999999945);
INSERT INTO top_and_bottom VALUES(40,40,0.2429999999999999938,0.553200000000000025);
INSERT INTO top_and_bottom VALUES(41,41,0.07120999999999999553,0.1509000000000000063);
INSERT INTO top_and_bottom VALUES(42,42,0.08000000000000000166,0.1579000000000000125);
INSERT INTO top_and_bottom VALUES(43,43,0.4600000000000000199,0.920499999999999985);
INSERT INTO top_and_bottom VALUES(44,44,0.02999999999999999889,0.2099999999999999923);
INSERT INTO top_and_bottom VALUES(45,45,0.01791999999999999843,0.02945000000000000048);
INSERT INTO top_and_bottom VALUES(46,46,0.00179600000000000007,0.003982000000000000297);
INSERT INTO top_and_bottom VALUES(47,47,0.6024000000000000465,2.121999999999999887);
INSERT INTO top_and_bottom VALUES(49,49,0.008916000000000000313,0.01786000000000000087);
INSERT INTO top_and_bottom VALUES(50,50,0.01811000000000000109,0.05960000000000000019);
INSERT INTO top_and_bottom VALUES(51,51,0.1693999999999999951,0.3190000000000000057);
INSERT INTO top_and_bottom VALUES(52,52,0.2787000000000000032,0.5264999999999999681);
INSERT INTO top_and_bottom VALUES(53,53,1.804999999999999938,3.427999999999999937);
INSERT INTO top_and_bottom VALUES(54,54,0.06583999999999999576,0.2414999999999999925);
INSERT INTO top_and_bottom VALUES(55,55,0.1057000000000000022,0.5616999999999999771);
INSERT INTO top_and_bottom VALUES(56,56,0.004688000000000000326,0.008791000000000000202);
INSERT INTO top_and_bottom VALUES(57,57,0.1131999999999999951,0.2903999999999999915);
INSERT INTO top_and_bottom VALUES(58,58,1.020000000000000017,1.893999999999999906);
INSERT INTO top_and_bottom VALUES(60,60,0.0964099999999999958,0.0966999999999999943);
INSERT INTO top_and_bottom VALUES(65,65,2.644000000000000127,4.871999999999999887);
INSERT INTO top_and_bottom VALUES(66,66,0.005538999999999999653,0.02176000000000000157);
INSERT INTO top_and_bottom VALUES(67,67,0.3199000000000000176,0.526000000000000023);
INSERT INTO top_and_bottom VALUES(68,68,0.0961499999999999994,0.1592000000000000081);
INSERT INTO top_and_bottom VALUES(69,69,0.001356999999999999917,0.00199800000000000021);
INSERT INTO top_and_bottom VALUES(70,70,0.1129000000000000003,0.3149000000000000132);
INSERT INTO top_and_bottom VALUES(73,73,0.007964000000000000593,0.01396000000000000018);
INSERT INTO top_and_bottom VALUES(75,75,164.0300000000000011,681.740000000000009);
INSERT INTO top_and_bottom VALUES(76,76,0.1287000000000000088,0.2978999999999999982);
INSERT INTO top_and_bottom VALUES(77,77,0.1685999999999999999,0.3044000000000000039);
INSERT INTO top_and_bottom VALUES(78,78,0.08412000000000000032,0.2398000000000000131);
INSERT INTO top_and_bottom VALUES(84,84,0.308099999999999985,0.5281000000000000138);
INSERT INTO top_and_bottom VALUES(85,85,0.8921999999999999931,2.553999999999999826);
INSERT INTO top_and_bottom VALUES(86,86,14.56000000000000049,22.96000000000000085);
INSERT INTO top_and_bottom VALUES(87,87,1.566999999999999949,3.121999999999999887);
INSERT INTO top_and_bottom VALUES(88,88,0.167699999999999988,0.3111999999999999767);
INSERT INTO top_and_bottom VALUES(89,89,0.04861000000000000043,0.0992699999999999972);
INSERT INTO top_and_bottom VALUES(90,90,0.1150000000000000049,0.2275000000000000077);
INSERT INTO top_and_bottom VALUES(91,91,0.1039999999999999953,0.1799000000000000043);
INSERT INTO top_and_bottom VALUES(92,92,1.316999999999999949,2.854999999999999983);
INSERT INTO top_and_bottom VALUES(93,93,0.4230999999999999762,0.7368999999999999995);
INSERT INTO top_and_bottom VALUES(94,94,0.02230000000000000037,0.6177000000000000268);
INSERT INTO top_and_bottom VALUES(95,95,0.03524000000000000049,0.07982000000000000206);
INSERT INTO top_and_bottom VALUES(96,96,0.01669999999999999957,0.05315000000000000279);
INSERT INTO top_and_bottom VALUES(97,97,0.01222999999999999956,0.03065999999999999976);
INSERT INTO top_and_bottom VALUES(98,98,0.03549999999999999683,0.07276000000000000523);
INSERT INTO top_and_bottom VALUES(99,5,0.1008000000000000007,0.1922999999999999988);
INSERT INTO top_and_bottom VALUES(100,14,0.2853999999999999871,0.7674999999999999601);
INSERT INTO top_and_bottom VALUES(101,6,4.456999999999999851,7.200999999999999624);
INSERT INTO top_and_bottom VALUES(102,7,0.3034999999999999921,1.326999999999999958);
INSERT INTO top_and_bottom VALUES(103,20,20.48000000000000042,55.00999999999999802);
INSERT INTO top_and_bottom VALUES(104,24,3.62400000000000011,6.19200000000000017);
INSERT INTO top_and_bottom VALUES(105,25,3.076000000000000067,5.878000000000000113);
INSERT INTO top_and_bottom VALUES(106,27,3.666999999999999816,11.65000000000000035);
INSERT INTO top_and_bottom VALUES(107,29,0.1464999999999999914,0.4501);
INSERT INTO top_and_bottom VALUES(108,61,1.127000000000000001,1.764999999999999903);
INSERT INTO top_and_bottom VALUES(109,63,0.005560999999999999971,0.01064999999999999975);
INSERT INTO top_and_bottom VALUES(110,109,0.1502000000000000001,0.4416999999999999816);
INSERT INTO top_and_bottom VALUES(111,110,0.65239999999999998,3.983999999999999986);
INSERT INTO top_and_bottom VALUES(112,111,0.04630000000000000087,0.08749999999999999444);
INSERT INTO top_and_bottom VALUES(113,112,0.001505000000000000044,0.00442700000000000038);
INSERT INTO top_and_bottom VALUES(114,113,0.0297000000000000007,0.05551999999999999991);
INSERT INTO top_and_bottom VALUES(115,114,0.02955999999999999948,0.05276999999999999747);
INSERT INTO top_and_bottom VALUES(116,115,4696.899999999999637,7949.4399999999996);
INSERT INTO top_and_bottom VALUES(117,116,0.2411999999999999978,0.7513999999999999569);
INSERT INTO top_and_bottom VALUES(118,117,0.1378000000000000058,0.3000999999999999779);
INSERT INTO top_and_bottom VALUES(119,119,0.272699999999999998,0.406799999999999995);
INSERT INTO top_and_bottom VALUES(120,120,1212.809999999999946,3236.829999999999928);
INSERT INTO top_and_bottom VALUES(121,122,0.0002678000000000000041,0.0008783999999999999925);
INSERT INTO top_and_bottom VALUES(122,123,1.320000000000000062,7.979000000000000092);
INSERT INTO top_and_bottom VALUES(123,124,16.41000000000000014,26.55999999999999873);
INSERT INTO top_and_bottom VALUES(124,79,0.2798999999999999822,0.5473999999999999977);
INSERT INTO top_and_bottom VALUES(125,80,0.0995700000000000057,0.1771999999999999965);
INSERT INTO top_and_bottom VALUES(126,126,0.0757499999999999979,0.1043000000000000038);
INSERT INTO top_and_bottom VALUES(127,145,0.432199999999999973,0.6647999999999999465);
INSERT INTO top_and_bottom VALUES(128,127,0.1575999999999999901,0.2827999999999999959);
INSERT INTO top_and_bottom VALUES(129,128,0.3408999999999999809,0.5997999999999999999);
INSERT INTO top_and_bottom VALUES(130,129,0.2692999999999999839,0.4535000000000000142);
INSERT INTO top_and_bottom VALUES(131,130,0.01878000000000000156,0.03837000000000000132);
INSERT INTO top_and_bottom VALUES(132,132,0.01159999999999999921,0.05498999999999999722);
INSERT INTO top_and_bottom VALUES(133,133,0.000609100000000000006,0.001636000000000000084);
INSERT INTO top_and_bottom VALUES(134,143,0.5012999999999999679,0.8737000000000000321);
INSERT INTO top_and_bottom VALUES(135,144,0.04510000000000000119,0.06385000000000000397);
INSERT INTO top_and_bottom VALUES(136,146,0.1058000000000000051,0.2200999999999999901);
INSERT INTO top_and_bottom VALUES(137,134,0.2999999999999999889,0.4490000000000000102);
INSERT INTO top_and_bottom VALUES(138,135,10.25,21.83999999999999986);
INSERT INTO top_and_bottom VALUES(139,140,0.8051000000000000378,1.348999999999999977);
INSERT INTO top_and_bottom VALUES(140,141,0.2877000000000000112,0.5211000000000000076);
INSERT INTO top_and_bottom VALUES(141,152,2150.579999999999928,3763.679999999999837);
INSERT INTO top_and_bottom VALUES(142,151,120.6200000000000045,264.5199999999999819);
INSERT INTO top_and_bottom VALUES(143,149,1.080000000000000072,1.536000000000000031);
INSERT INTO top_and_bottom VALUES(144,71,0.0004704999999999999981,0.0008785999999999999973);
INSERT INTO top_and_bottom VALUES(145,148,52552.05000000000291,99772.9900000000052);
INSERT INTO top_and_bottom VALUES(146,150,0.0989400000000000001,0.207300000000000012);
INSERT INTO top_and_bottom VALUES(147,157,0.06346000000000000251,0.1441999999999999949);
INSERT INTO top_and_bottom VALUES(148,160,481.0600000000000022,793.17999999999995);
INSERT INTO top_and_bottom VALUES(149,64,0.001528999999999999978,0.007000000000000000145);
INSERT INTO top_and_bottom VALUES(150,72,0.2659000000000000252,0.830200000000000049);
CREATE TABLE market_metrics (
	id INTEGER NOT NULL, 
	project_id INTEGER NOT NULL, 
	fail_high FLOAT, 
	growth_low FLOAT, 
	PRIMARY KEY (id), 
	FOREIGN KEY(project_id) REFERENCES project (id)
);
INSERT INTO market_metrics VALUES(1,1,-0.01845675501029020448,2.658085604260969514);
INSERT INTO market_metrics VALUES(2,2,-0.00963320113701915392,2.842333023535982051);
INSERT INTO market_metrics VALUES(3,3,-0.06895091908007411341,4.71019569677606853);
INSERT INTO market_metrics VALUES(4,4,-0.2585363376053226859,1.051725515027815971);
INSERT INTO market_metrics VALUES(8,8,-0.02096532122821970212,2.032503336224425361);
INSERT INTO market_metrics VALUES(9,9,-0.03571317188272304933,2.396564132502821299);
INSERT INTO market_metrics VALUES(10,10,-0.3400000000000000244,2.049999999999999822);
INSERT INTO market_metrics VALUES(12,12,-0.01753364816827662765,2.162964081821308948);
INSERT INTO market_metrics VALUES(13,13,-0.2792285048549624227,1.18538979352775553);
INSERT INTO market_metrics VALUES(15,15,-0.04603630675359859925,2.289615330353473865);
INSERT INTO market_metrics VALUES(16,16,-0.1939251019355442419,1.502295340994463713);
INSERT INTO market_metrics VALUES(17,17,29.31814845608041153,67.27051923200532712);
INSERT INTO market_metrics VALUES(18,18,-0.3249844990151870005,1.052330510488196146);
INSERT INTO market_metrics VALUES(19,19,-0.3361969995503633068,1.197099602240720983);
INSERT INTO market_metrics VALUES(20,20,-0.01633702547226545399,2.642153331482942847);
INSERT INTO market_metrics VALUES(21,21,1.966321095567903576,5.001643249622007125);
INSERT INTO market_metrics VALUES(22,22,-0.4205381939519747813,1.204532440544904048);
INSERT INTO market_metrics VALUES(23,23,-0.2050826461004127133,1.543655075846744884);
INSERT INTO market_metrics VALUES(24,24,-0.284340415127176116,1.22278260196813604);
INSERT INTO market_metrics VALUES(25,25,-0.2797737715401862335,1.376297064657602487);
INSERT INTO market_metrics VALUES(26,26,-0.1250312784214442363,1.501093127845779085);
INSERT INTO market_metrics VALUES(27,27,-0.00504775483527863944,3.16094727465748715);
INSERT INTO market_metrics VALUES(28,28,52.39570215774369899,146.6006555683247541);
INSERT INTO market_metrics VALUES(29,29,-0.1763542183609284608,2.530532193281543218);
INSERT INTO market_metrics VALUES(30,30,-1.0,0.0);
INSERT INTO market_metrics VALUES(31,31,-0.03609999179315015461,1.997453713504800721);
INSERT INTO market_metrics VALUES(32,32,-0.3884934009091700613,1.382100048939084225);
INSERT INTO market_metrics VALUES(33,33,-0.839999999999999969,0.4000000000000000222);
INSERT INTO market_metrics VALUES(34,34,-0.8299999999999999601,0.5799999999999999601);
INSERT INTO market_metrics VALUES(35,35,-0.989999999999999992,0.8800000000000000044);
INSERT INTO market_metrics VALUES(36,36,-1.0,0.07000000000000000667);
INSERT INTO market_metrics VALUES(37,37,-0.989999999999999992,0.8499999999999999778);
INSERT INTO market_metrics VALUES(39,39,-0.3436077525218314,1.758193520030808755);
INSERT INTO market_metrics VALUES(40,40,-0.03881459484364657708,2.188180107541130682);
INSERT INTO market_metrics VALUES(41,41,-0.2610432688231214549,1.565911680025150688);
INSERT INTO market_metrics VALUES(42,42,-0.1750340282252959012,1.628276586790322167);
INSERT INTO market_metrics VALUES(43,43,-0.2310971151367452459,1.538641533731795574);
INSERT INTO market_metrics VALUES(44,44,0.3200000000000000066,8.22000000000000064);
INSERT INTO market_metrics VALUES(45,45,-0.3843585292484646975,1.011754537591111446);
INSERT INTO market_metrics VALUES(46,46,-0.5418432239422454888,1.015801938898651891);
INSERT INTO market_metrics VALUES(47,47,-0.06681138870257941065,3.287228142717673051);
INSERT INTO market_metrics VALUES(49,49,-0.02953057543211023983,1.943986532389245348);
INSERT INTO market_metrics VALUES(50,50,-0.3002402461554138924,2.302908963508411233);
INSERT INTO market_metrics VALUES(51,51,-0.4016575553972363544,1.126748759316892556);
INSERT INTO market_metrics VALUES(52,52,-0.3079794637054952267,1.307315437240964329);
INSERT INTO market_metrics VALUES(53,53,-0.4160836995112991987,1.108955721925355408);
INSERT INTO market_metrics VALUES(54,54,-0.10039897508671769,3.299721256326817897);
INSERT INTO market_metrics VALUES(55,55,-0.5773910327010609577,2.245784833791996781);
INSERT INTO market_metrics VALUES(56,56,-0.3733814310129459635,1.175043481221244023);
INSERT INTO market_metrics VALUES(57,57,-0.01933549474783902156,2.515768306759960549);
INSERT INTO market_metrics VALUES(58,58,-0.3261754638336821222,1.251199677940201927);
INSERT INTO market_metrics VALUES(60,60,-0.9216034601883854594,0.07863235556252590185);
INSERT INTO market_metrics VALUES(65,65,-0.2268663443462234364,1.424624497104840959);
INSERT INTO market_metrics VALUES(66,66,-0.7125813118015602577,1.129126314352418836);
INSERT INTO market_metrics VALUES(67,67,-0.219024433327644541,1.284129878304654415);
INSERT INTO market_metrics VALUES(68,68,-0.3276748417259294221,1.113199846045054953);
INSERT INTO market_metrics VALUES(69,69,-0.280740320801819987,1.059013145938072054);
INSERT INTO market_metrics VALUES(70,70,-0.2113408924087778474,2.199723232776579884);
INSERT INTO market_metrics VALUES(73,73,-0.3305435651938117835,1.173482148404619175);
INSERT INTO market_metrics VALUES(75,75,-0.999954296997140558,0.0001899504064463768625);
INSERT INTO market_metrics VALUES(76,76,-0.8954093146378006019,0.2420945234607552176);
INSERT INTO market_metrics VALUES(77,77,-0.3609500563350188651,1.153777003864888683);
INSERT INTO market_metrics VALUES(78,78,2045.249653299288183,5833.222383038151747);
INSERT INTO market_metrics VALUES(84,84,2.784821501482638961,6.487387974466023443);
INSERT INTO market_metrics VALUES(85,85,-0.2173984984600697557,2.240264778001548774);
INSERT INTO market_metrics VALUES(86,86,-0.1636983920436373419,1.318783304854264093);
INSERT INTO market_metrics VALUES(87,87,-0.4271677470124392028,1.141277788019888107);
INSERT INTO market_metrics VALUES(88,88,-0.1042179919293232392,1.662297918375638784);
INSERT INTO market_metrics VALUES(89,89,-0.357832513060038493,1.31141671319748987);
INSERT INTO market_metrics VALUES(90,90,-0.3103917804785801815,1.364224956009765454);
INSERT INTO market_metrics VALUES(91,91,-0.4103148320711559327,1.020041939523067765);
INSERT INTO market_metrics VALUES(92,92,-0.2451887275363767716,1.636284117603374665);
INSERT INTO market_metrics VALUES(93,93,-0.3089350926066333213,1.203606074824324911);
INSERT INTO market_metrics VALUES(94,94,-0.9589895770252308,1.13597032607690207);
INSERT INTO market_metrics VALUES(95,95,-0.4733724480326274576,1.19283232684550744);
INSERT INTO market_metrics VALUES(96,96,-0.6152928227891576452,1.224382423278818522);
INSERT INTO market_metrics VALUES(97,97,-0.562631909589193513,1.096459987898227962);
INSERT INTO market_metrics VALUES(98,98,26.47064643943075169,56.30321788543611205);
INSERT INTO market_metrics VALUES(99,5,-0.1532580717584685059,1.615361833341731224);
INSERT INTO market_metrics VALUES(100,14,-0.06531845188120222189,2.513553217173010612);
INSERT INTO market_metrics VALUES(101,6,-0.01644836285802830921,1.589085783948696041);
INSERT INTO market_metrics VALUES(102,7,-0.0986152481379479751,3.941145191831772809);
INSERT INTO market_metrics VALUES(103,61,-0.1047965743512091486,1.401982294827076814);
INSERT INTO market_metrics VALUES(104,63,-0.0997998810191973452,1.723994113854621091);
INSERT INTO market_metrics VALUES(105,109,-0.04974217460307683858,2.794466587735159546);
INSERT INTO market_metrics VALUES(106,110,-0.6372815390258445012,2.215006665421574982);
INSERT INTO market_metrics VALUES(107,111,-0.2318014673203263598,1.451779084437828215);
INSERT INTO market_metrics VALUES(108,112,-0.4886886944232214924,1.504036644377673371);
INSERT INTO market_metrics VALUES(109,113,-0.3027318258316206156,1.303445421879744881);
INSERT INTO market_metrics VALUES(110,114,-0.05325539095166154091,1.690112077790284717);
INSERT INTO market_metrics VALUES(111,115,-0.3894257772629775571,1.033388649789136692);
INSERT INTO market_metrics VALUES(112,116,-0.5378760718213311254,1.439634824350960906);
INSERT INTO market_metrics VALUES(113,117,-0.5394697673034107855,1.002939933470583523);
INSERT INTO market_metrics VALUES(114,119,-0.978214395177598228,0.03249865801889637724);
INSERT INTO market_metrics VALUES(115,120,-0.5530457323505511003,1.192862016437665985);
INSERT INTO market_metrics VALUES(116,122,-0.6579669576483241355,1.121888814046721805);
INSERT INTO market_metrics VALUES(117,123,-0.7793192960747303833,1.333947982287671418);
INSERT INTO market_metrics VALUES(118,124,-0.998826898901754579,0.001898693794600804335);
INSERT INTO market_metrics VALUES(119,79,-0.943080808970772399,0.1113167744530160764);
INSERT INTO market_metrics VALUES(120,80,-0.8241672394503430921,0.3129212129095028106);
INSERT INTO market_metrics VALUES(121,126,-0.7012697490949262314,0.4113209923353029485);
INSERT INTO market_metrics VALUES(122,145,-0.952184124105786788,0.07354926953834550751);
INSERT INTO market_metrics VALUES(123,127,-0.8898247341959010238,0.1977002866078629296);
INSERT INTO market_metrics VALUES(124,128,-0.948053409187397112,0.0913979617758850088);
INSERT INTO market_metrics VALUES(125,129,-0.931295335899891553,0.1156983481968035659);
INSERT INTO market_metrics VALUES(126,130,51.09184870818300083,106.4304704437157341);
INSERT INTO market_metrics VALUES(127,132,-0.2960207064892895756,3.33722597846154878);
INSERT INTO market_metrics VALUES(128,133,18.43031436092476838,52.18846543174014841);
INSERT INTO market_metrics VALUES(129,143,-0.8698109654290114844,0.2269023728399614248);
INSERT INTO market_metrics VALUES(130,144,-0.5021457432345666217,0.7048335763741224725);
INSERT INTO market_metrics VALUES(131,146,3.46918513949473084,9.29742579586758212);
INSERT INTO market_metrics VALUES(132,134,1.175961488780537411,3.256689028208204828);
INSERT INTO market_metrics VALUES(133,135,-0.955265260601535605,0.0953177276548742846);
INSERT INTO market_metrics VALUES(134,140,1.442982014214930331,4.093383104180773557);
INSERT INTO market_metrics VALUES(135,141,-0.3195566146361999981,1.232461064000959894);
INSERT INTO market_metrics VALUES(136,152,-0.01390214754525842533,1.725746898663087059);
INSERT INTO market_metrics VALUES(137,151,-0.1252901659719786176,1.918241131629018436);
INSERT INTO market_metrics VALUES(138,149,-0.02659720419677635838,1.384395087364584497);
INSERT INTO market_metrics VALUES(139,71,-0.1109193821362627341,1.660247036886460359);
INSERT INTO market_metrics VALUES(140,148,-0.04035464532147658989,1.821940083705331448);
INSERT INTO market_metrics VALUES(141,150,14.89764947986464349,33.30890173009844801);
INSERT INTO market_metrics VALUES(142,157,-0.465539407568885899,1.214453473504044201);
INSERT INTO market_metrics VALUES(143,160,-0.02664550284525579738,1.60488363208996776);
INSERT INTO market_metrics VALUES(144,64,-0.3696109426932713272,2.886019229003990105);
INSERT INTO market_metrics VALUES(145,72,-0.2624425735774948975,2.302821268958118228);
CREATE TABLE manipulative_metrics (
	id INTEGER NOT NULL, 
	project_id INTEGER NOT NULL, 
	fdv_fundraise FLOAT, 
	top_100_wallet FLOAT, 
	PRIMARY KEY (id), 
	FOREIGN KEY(project_id) REFERENCES project (id)
);
INSERT INTO manipulative_metrics VALUES(1,1,43.10373716863660575,0.1400000000000000134);
INSERT INTO manipulative_metrics VALUES(2,2,79.33686600959745761,1.0);
INSERT INTO manipulative_metrics VALUES(3,3,99.0348512109390811,0.1600000000000000033);
INSERT INTO manipulative_metrics VALUES(4,4,32.61999999999999745,NULL);
INSERT INTO manipulative_metrics VALUES(8,8,58.76939926529554725,0.8800000000000000044);
INSERT INTO manipulative_metrics VALUES(9,9,77.87408683662623333,0.5999999999999999778);
INSERT INTO manipulative_metrics VALUES(10,10,NULL,1.0);
INSERT INTO manipulative_metrics VALUES(12,12,7.324058001491372316,NULL);
INSERT INTO manipulative_metrics VALUES(13,13,16.51999999999999958,0.910000000000000031);
INSERT INTO manipulative_metrics VALUES(15,15,83.28373093240026038,0.969999999999999974);
INSERT INTO manipulative_metrics VALUES(16,16,281.1700000000000159,NULL);
INSERT INTO manipulative_metrics VALUES(17,17,NULL,0.4000000000000000222);
INSERT INTO manipulative_metrics VALUES(18,18,13.33000000000000007,1.0);
INSERT INTO manipulative_metrics VALUES(19,19,5.30999999999999961,0.939999999999999947);
INSERT INTO manipulative_metrics VALUES(21,21,NULL,0.949999999999999956);
INSERT INTO manipulative_metrics VALUES(22,22,23.10999999999999944,0.959999999999999965);
INSERT INTO manipulative_metrics VALUES(23,23,26.00834683621115318,0.7800000000000000266);
INSERT INTO manipulative_metrics VALUES(26,26,56.27000000000000312,0.979999999999999983);
INSERT INTO manipulative_metrics VALUES(28,28,NULL,1.0);
INSERT INTO manipulative_metrics VALUES(31,31,167.4297324269193724,0.969999999999999974);
INSERT INTO manipulative_metrics VALUES(32,32,25.69999999999999929,1.0);
INSERT INTO manipulative_metrics VALUES(39,39,2.293741109417013035,0.75);
INSERT INTO manipulative_metrics VALUES(40,40,NULL,0.910000000000000031);
INSERT INTO manipulative_metrics VALUES(41,41,29.97542224048144632,0.989999999999999992);
INSERT INTO manipulative_metrics VALUES(42,42,22.98000000000000042,0.979999999999999983);
INSERT INTO manipulative_metrics VALUES(43,43,13.06703638819457857,0.8800000000000000044);
INSERT INTO manipulative_metrics VALUES(44,44,27.12999999999999901,0.969999999999999974);
INSERT INTO manipulative_metrics VALUES(45,45,1.959999999999999965,NULL);
INSERT INTO manipulative_metrics VALUES(46,46,0.2399999999999999912,0.939999999999999947);
INSERT INTO manipulative_metrics VALUES(47,47,NULL,NULL);
INSERT INTO manipulative_metrics VALUES(49,49,71.90235075414858557,0.959999999999999965);
INSERT INTO manipulative_metrics VALUES(50,50,3.169999999999999929,0.959999999999999965);
INSERT INTO manipulative_metrics VALUES(51,51,30.44000000000000127,0.969999999999999974);
INSERT INTO manipulative_metrics VALUES(52,52,44.71000000000000085,1.0);
INSERT INTO manipulative_metrics VALUES(53,53,55.14000000000000056,0.979999999999999983);
INSERT INTO manipulative_metrics VALUES(54,54,102.8269185745734404,0.969999999999999974);
INSERT INTO manipulative_metrics VALUES(55,55,52.4143643333782805,0.979999999999999983);
INSERT INTO manipulative_metrics VALUES(56,56,4.75,0.989999999999999992);
INSERT INTO manipulative_metrics VALUES(57,57,191.9805604792690872,1.0);
INSERT INTO manipulative_metrics VALUES(58,58,49.84000000000000341,0.979999999999999983);
INSERT INTO manipulative_metrics VALUES(60,60,4.219999999999999752,0.989999999999999992);
INSERT INTO manipulative_metrics VALUES(65,65,12.48195854286110951,0.0);
INSERT INTO manipulative_metrics VALUES(66,66,1.360000000000000097,0.969999999999999974);
INSERT INTO manipulative_metrics VALUES(67,67,32.82054012364542218,0.979999999999999983);
INSERT INTO manipulative_metrics VALUES(68,68,10.70341651972320384,0.979999999999999983);
INSERT INTO manipulative_metrics VALUES(69,69,120.9800000000000039,0.8599999999999999867);
INSERT INTO manipulative_metrics VALUES(70,70,40.38191105373591227,0.8199999999999999512);
INSERT INTO manipulative_metrics VALUES(73,73,0.0,0.959999999999999965);
INSERT INTO manipulative_metrics VALUES(75,75,NULL,NULL);
INSERT INTO manipulative_metrics VALUES(76,76,NULL,0.6999999999999999556);
INSERT INTO manipulative_metrics VALUES(77,77,35.75,0.989999999999999992);
INSERT INTO manipulative_metrics VALUES(78,78,NULL,0.5600000000000000533);
INSERT INTO manipulative_metrics VALUES(84,84,88.21230737210153449,1.0);
INSERT INTO manipulative_metrics VALUES(85,85,166.5636862444151519,0.9000000000000000222);
INSERT INTO manipulative_metrics VALUES(86,86,1740.695555638013502,0.9000000000000000222);
INSERT INTO manipulative_metrics VALUES(87,87,9.070000000000000284,0.989999999999999992);
INSERT INTO manipulative_metrics VALUES(88,88,22.84978368127824311,0.969999999999999974);
INSERT INTO manipulative_metrics VALUES(89,89,19.3867003745557085,0.589999999999999969);
INSERT INTO manipulative_metrics VALUES(90,90,7.870000000000000106,1.0);
INSERT INTO manipulative_metrics VALUES(91,91,5.429999999999999716,0.9200000000000000399);
INSERT INTO manipulative_metrics VALUES(92,92,82.58483470395613323,0.959999999999999965);
INSERT INTO manipulative_metrics VALUES(93,93,55.67004661790141995,1.0);
INSERT INTO manipulative_metrics VALUES(94,94,0.5799999999999999601,0.969999999999999974);
INSERT INTO manipulative_metrics VALUES(95,95,58.60999999999999944,0.949999999999999956);
INSERT INTO manipulative_metrics VALUES(96,96,28.94999999999999929,0.969999999999999974);
INSERT INTO manipulative_metrics VALUES(97,97,29.6700000000000017,0.9000000000000000222);
INSERT INTO manipulative_metrics VALUES(98,98,2.587545425626661454,0.969999999999999974);
INSERT INTO manipulative_metrics VALUES(99,152,21825.88418917402668,0.6500000000000000222);
INSERT INTO manipulative_metrics VALUES(100,151,265.1005847698778553,0.2300000000000000099);
INSERT INTO manipulative_metrics VALUES(101,149,NULL,NULL);
INSERT INTO manipulative_metrics VALUES(102,6,NULL,NULL);
INSERT INTO manipulative_metrics VALUES(103,71,0.01519107348415207545,NULL);
INSERT INTO manipulative_metrics VALUES(104,5,NULL,0.3300000000000000155);
INSERT INTO manipulative_metrics VALUES(105,172,388.7048278054442675,0.2300000000000000099);
INSERT INTO manipulative_metrics VALUES(106,173,24305.17459081139169,0.6700000000000000399);
CREATE TABLE network_metrics (
	id INTEGER NOT NULL, 
	project_id INTEGER NOT NULL, 
	tvl FLOAT, 
	tvl_fdv FLOAT, 
	PRIMARY KEY (id), 
	FOREIGN KEY(project_id) REFERENCES project (id)
);
INSERT INTO network_metrics VALUES(1,1,1204213027.49763608,0.07982158569064219666);
INSERT INTO network_metrics VALUES(2,2,257935804.7430629135,0.03824878687498269037);
INSERT INTO network_metrics VALUES(3,3,1601166658.308516026,0.04195373026187018684);
INSERT INTO network_metrics VALUES(4,4,8000000.0,0.0100000000000000002);
INSERT INTO network_metrics VALUES(8,8,778062650.2429244518,0.07416945644523603721);
INSERT INTO network_metrics VALUES(9,9,3178096781.653675079,0.3299168156272439533);
INSERT INTO network_metrics VALUES(10,10,205200000.0,0.05000000000000000277);
INSERT INTO network_metrics VALUES(12,12,48200000.0,0.0100000000000000002);
INSERT INTO network_metrics VALUES(13,13,142240000.0,0.02999999999999999889);
INSERT INTO network_metrics VALUES(15,15,0.0,0.0);
INSERT INTO network_metrics VALUES(16,16,5352245.611071278341,0.003041246594009891242);
INSERT INTO network_metrics VALUES(17,17,0.0,NULL);
INSERT INTO network_metrics VALUES(18,18,316100000.0,0.949999999999999956);
INSERT INTO network_metrics VALUES(19,19,1100000.0,0.0100000000000000002);
INSERT INTO network_metrics VALUES(21,21,181690000.0,0.02000000000000000041);
INSERT INTO network_metrics VALUES(22,22,614290000.0,2.529999999999999805);
INSERT INTO network_metrics VALUES(23,23,126055534.3568277806,0.2307968488341156365);
INSERT INTO network_metrics VALUES(26,26,3136000000.0,1.729999999999999983);
INSERT INTO network_metrics VALUES(28,28,132050000.0,3.040000000000000035);
INSERT INTO network_metrics VALUES(31,31,900290000.0,0.3800000000000000044);
INSERT INTO network_metrics VALUES(32,32,31150000.0,0.07000000000000000667);
INSERT INTO network_metrics VALUES(39,39,NULL,0.0);
INSERT INTO network_metrics VALUES(40,40,0.0,0.0);
INSERT INTO network_metrics VALUES(41,41,NULL,0.0);
INSERT INTO network_metrics VALUES(42,42,2.0,0.0);
INSERT INTO network_metrics VALUES(43,43,164540000.0,NULL);
INSERT INTO network_metrics VALUES(44,44,117110000.0,0.4299999999999999934);
INSERT INTO network_metrics VALUES(45,45,NULL,0.0);
INSERT INTO network_metrics VALUES(46,46,NULL,0.0);
INSERT INTO network_metrics VALUES(47,47,0.0,0.0);
INSERT INTO network_metrics VALUES(49,49,NULL,0.0);
INSERT INTO network_metrics VALUES(50,50,NULL,0.0);
INSERT INTO network_metrics VALUES(51,51,NULL,0.0);
INSERT INTO network_metrics VALUES(52,52,NULL,0.0);
INSERT INTO network_metrics VALUES(53,53,NULL,0.0);
INSERT INTO network_metrics VALUES(54,54,NULL,0.0);
INSERT INTO network_metrics VALUES(55,55,NULL,0.0);
INSERT INTO network_metrics VALUES(56,56,NULL,0.0);
INSERT INTO network_metrics VALUES(57,57,NULL,0.0);
INSERT INTO network_metrics VALUES(58,58,NULL,0.0);
INSERT INTO network_metrics VALUES(60,60,NULL,0.0);
INSERT INTO network_metrics VALUES(65,65,29017.77788235677145,7.703751996122766684e-05);
INSERT INTO network_metrics VALUES(66,66,NULL,0.0);
INSERT INTO network_metrics VALUES(67,67,NULL,NULL);
INSERT INTO network_metrics VALUES(68,68,639828.7525947951945,0.005977799251442580952);
INSERT INTO network_metrics VALUES(69,69,NULL,0.0);
INSERT INTO network_metrics VALUES(70,70,4660000.0,0.02999999999999999889);
INSERT INTO network_metrics VALUES(73,73,NULL,NULL);
INSERT INTO network_metrics VALUES(75,75,NULL,0.0);
INSERT INTO network_metrics VALUES(76,76,0.0,0.0);
INSERT INTO network_metrics VALUES(77,77,NULL,0.0);
INSERT INTO network_metrics VALUES(78,78,17025.0,0.0);
INSERT INTO network_metrics VALUES(84,84,NULL,0.0);
INSERT INTO network_metrics VALUES(85,85,NULL,0.0);
INSERT INTO network_metrics VALUES(86,86,0.0,0.0);
INSERT INTO network_metrics VALUES(87,87,NULL,0.0);
INSERT INTO network_metrics VALUES(88,88,NULL,0.0);
INSERT INTO network_metrics VALUES(89,89,NULL,0.0);
INSERT INTO network_metrics VALUES(90,90,NULL,0.0);
INSERT INTO network_metrics VALUES(91,91,0.0,0.0);
INSERT INTO network_metrics VALUES(92,92,NULL,0.0);
INSERT INTO network_metrics VALUES(93,93,NULL,0.0);
INSERT INTO network_metrics VALUES(94,94,NULL,0.0);
INSERT INTO network_metrics VALUES(95,95,0.0,0.0);
INSERT INTO network_metrics VALUES(96,96,NULL,0.0);
INSERT INTO network_metrics VALUES(97,97,0.0,0.0);
INSERT INTO network_metrics VALUES(98,98,0.0,0.0);
INSERT INTO network_metrics VALUES(99,152,71910693106.03482056,0.1616752867454650522);
INSERT INTO network_metrics VALUES(100,151,9128339638.220245361,0.0653149445846953336);
INSERT INTO network_metrics VALUES(101,149,0.0,0.0);
INSERT INTO network_metrics VALUES(102,6,344313090.7215470671,0.00973890308393814131);
INSERT INTO network_metrics VALUES(103,71,0.0,0.0);
INSERT INTO network_metrics VALUES(104,5,0.0,0.0);
INSERT INTO network_metrics VALUES(105,140,206310137.0655075907,0.2554963460416023179);
INSERT INTO network_metrics VALUES(106,29,7971299718.388147354,0.4429487743087058283);
INSERT INTO network_metrics VALUES(107,7,660281592.0531604291,0.01370431198739784085);
INSERT INTO network_metrics VALUES(108,20,1457327411.069668055,0.07350250779961085835);
INSERT INTO network_metrics VALUES(109,27,56839.17407855125203,4.051393208524851056e-06);
INSERT INTO network_metrics VALUES(110,126,40367291.51538617164,0.002439446905165479524);
INSERT INTO network_metrics VALUES(111,144,103852085.175626278,0.01458296566953364189);
INSERT INTO network_metrics VALUES(112,146,120020664.1977197825,0.04886380688680745655);
INSERT INTO network_metrics VALUES(113,114,2265492.331106167753,0.005797484715213068774);
INSERT INTO network_metrics VALUES(114,157,7355654.34198268503,0.01315926893057359042);
INSERT INTO network_metrics VALUES(115,25,329571959.710185945,0.03533120311931275958);
CREATE TABLE funds_profit (
	id INTEGER NOT NULL, 
	project_id INTEGER NOT NULL, 
	distribution TEXT, 
	average_price FLOAT, 
	x_value FLOAT, 
	PRIMARY KEY (id), 
	FOREIGN KEY(project_id) REFERENCES project (id)
);
INSERT INTO funds_profit VALUES(1,1,replace('Community (45.5%)\nCore Contributors (16.9%)\nFoundation (14.7%)\nInvestors (12%)\nStaking Rewards (10.8%)\nStaking Rewards (-)','\n',char(10)),2.319999999999999841,3.330000000000000071);
INSERT INTO funds_profit VALUES(2,2,replace('Private Sale Investors(20%)\nBinance Launchpool(3%)\nTeam(20%)\nFoundation(9%)\nEcosystem Reserve(48%)','\n',char(10)),NULL,NULL);
INSERT INTO funds_profit VALUES(3,3,replace('Allocated After 2030 (52.2%)\nCommunity Reserves (10.6%)\nStake Subsidies (9.49%)\nSeries A (7.14%)\nSeries B (6.96%)\nEarly Contributors (6.13%)\nCommunity Access Program (5.82%)\nMysten Labs Treasury (1.64%)','\n',char(10)),NULL,NULL);
INSERT INTO funds_profit VALUES(4,4,replace('Community(58.3%)\nTeam, advisors & backers(19.2%)\nFlare entities(22.5%)','\n',char(10)),0.0,3.259999999999999787);
INSERT INTO funds_profit VALUES(8,8,replace(replace('Ecosystem Fund(25%)\r\nRetroactive Public Goods Funding(20%)\r\nUser airdrops(19%)\r\nCore contributors(19%)\r\nSugar xaddies(17%)','\r',char(13)),'\n',char(10)),0.2399999999999999912,7.469999999999999752);
INSERT INTO funds_profit VALUES(9,9,replace('DAO Treasury (35.3%)\nTeam & Advisors (26.9%)\nInvestors (17.5%)\nAirdrop (11.6%)\nArbitrum Foundation (7.50%)\nDAOs in Arbitrum Ecosystem (1.13%)','\n',char(10)),0.07000000000000000667,8.869999999999999218);
INSERT INTO funds_profit VALUES(10,10,'Circulating(51%) Mantle Treasury(49%)',NULL,NULL);
INSERT INTO funds_profit VALUES(12,12,'Ecosystem Development(51.7%) Project Development(25%) Private Sales(13.9%) Foundation Reserve(4%) Public Sales 1(2.9%) Public Sales 2(2.5%)',1.110000000000000098,1.540000000000000035);
INSERT INTO funds_profit VALUES(13,13,replace('StarkWare Investors(17%)\nCore Contributors(32.9%)\nCommunity Provisions(9%)\nCommunity Rebates(9%)\nresearch and development(12%)\na strategic reserve(10%)\nDonations(2%)\nUnallocated(8.1%)','\n',char(10)),0.1600000000000000033,3.009999999999999787);
INSERT INTO funds_profit VALUES(15,15,'R&D & Ecosystem(26.8%) Series A&B(19.7%) Initial Core Contributors(17.6%) Seed(15.9%) Other(20%)',0.2899999999999999801,19.82999999999999829);
INSERT INTO funds_profit VALUES(16,16,replace('Public allocation(8%)\nEcosystem and R&D(20%)\nIncentives Manager(33%)\nCommunity Pool(5%)\nBackers(14%)\nCore Contributing Team(20%)','\n',char(10)),0.05000000000000000277,39.35999999999999944);
INSERT INTO funds_profit VALUES(17,17,'Ecosystem Fund(22%) Community Fund(22%) Seed Round(14.8%) Foundation(14%) Other(27.2%)',NULL,NULL);
INSERT INTO funds_profit VALUES(18,18,'Community(30.39%) Investors(17.5%) Team(17.5%) Bonding Curve(15.95%) Other(18.66%)',0.1400000000000000134,2.330000000000000071);
INSERT INTO funds_profit VALUES(19,19,replace('Core Team(19.32%)\nEarly Investors(25%)\nFuture Hires(2.5%)\nEcosystem Development(53.18%)','\n',char(10)),0.1199999999999999956,1.330000000000000071);
INSERT INTO funds_profit VALUES(21,21,'Team(40%) Community(35%) Initial Airdrop(10%) Other Liquidity Needs(5.5%) Community Needs(5%) Launch Pool(2.5%) Active Staking Rewards(0.5%) Launchpad Fee(0.5%) MM Loans(0.5%) Immediate LP Needs(0.5%)',NULL,NULL);
INSERT INTO funds_profit VALUES(22,22,'XVIX & Gambit Migration(45.3%) Luquidity(15.1%) Floor Price Fund(15.1%) Reverse(15.1%) Marketing & Partnerships(7.54%) Contributors(1.88%)',NULL,NULL);
INSERT INTO funds_profit VALUES(23,23,replace('Staking Rewards(25%)\nDeveloper Vesting(25%)\nLiquidity Mining Incentives(45%)\nCommunity Pool(5%)','\n',char(10)),NULL,NULL);
INSERT INTO funds_profit VALUES(26,26,'Investors(32.5%) DAO Treasury(23.3%) Core Contributors(23.3%) Airdrop Season 1(6%) Airdrop Season 2(5.8%) Liquidity(3%) Binance Launchpool(2%) Protocol Guild(1%)',0.1000000000000000055,18.28999999999999915);
INSERT INTO funds_profit VALUES(28,28,'',NULL,NULL);
INSERT INTO funds_profit VALUES(31,31,'Ecosystem Development(25%) Core Contributors(24.5%) Community Grouth(24.3%) Investors(16.2%) Airdrop(10%)',0.08999999999999999667,26.75);
INSERT INTO funds_profit VALUES(32,32,'Liquidity Mining and Airdrops(30.9%) Team(19%) Investors(18%) Public Good Fund(16.5%) Foundation / Treasury(10%) Advisors(4.15%) Binance Launchpool(1.5%)',0.05000000000000000277,4.629999999999999894);
INSERT INTO funds_profit VALUES(39,39,replace('Team(20%)\nBackers(36.5%)\nCoinList Sale(7.5%)\nMix-Mining(25%)\nReserve & Community(11%)','\n',char(10)),0.1199999999999999956,0.6700000000000000399);
INSERT INTO funds_profit VALUES(40,40,'0.1',NULL,NULL);
INSERT INTO funds_profit VALUES(41,41,replace('Binance Launchpool(5%)\nTeam(15%)\nInvestors(18.5%)\nAdvisors(5%)\nProtocol Development(20%)\nEcosystem and Community(15%)\nTreasury(21.5%)','\n',char(10)),0.02000000000000000041,6.629999999999999894);
INSERT INTO funds_profit VALUES(42,42,'0.28',0.1799999999999999934,6.429999999999999716);
INSERT INTO funds_profit VALUES(43,43,replace('Team(17%)\nCompany Operations(12.5%)\nCommunity Sale(5%)\nCommunity Programs(36%)\nBackers(29.5%)','\n',char(10)),NULL,NULL);
INSERT INTO funds_profit VALUES(44,44,NULL,NULL,NULL);
INSERT INTO funds_profit VALUES(45,45,'0.32',0.04000000000000000083,0.6199999999999999956);
INSERT INTO funds_profit VALUES(46,46,'0.21',0.05999999999999999778,0.05000000000000000277);
INSERT INTO funds_profit VALUES(47,47,'-',NULL,NULL);
INSERT INTO funds_profit VALUES(49,49,'0.12',0.0,6.360000000000000319);
INSERT INTO funds_profit VALUES(50,50,'0.27',0.05000000000000000277,0.8599999999999999867);
INSERT INTO funds_profit VALUES(51,51,'0.21',0.04000000000000000083,6.330000000000000071);
INSERT INTO funds_profit VALUES(52,52,replace('Treasure Farm(33%)\nMining(25%)\nStaking/Liquidity(17%)\nEcosystem Fund(15%)\nTeam(10%)','\n',char(10)),NULL,NULL);
INSERT INTO funds_profit VALUES(53,53,'0.23',0.2000000000000000111,12.41000000000000014);
INSERT INTO funds_profit VALUES(54,54,'-)',NULL,NULL);
INSERT INTO funds_profit VALUES(55,55,'0.2',0.02000000000000000041,7.480000000000000426);
INSERT INTO funds_profit VALUES(56,56,'0.06',0.02000000000000000041,0.2600000000000000088);
INSERT INTO funds_profit VALUES(57,57,'0.14',0.0100000000000000002,15.41000000000000014);
INSERT INTO funds_profit VALUES(58,58,'0.15',0.2099999999999999923,7.480000000000000426);
INSERT INTO funds_profit VALUES(60,60,'0.25',0.0100000000000000002,1.060000000000000053);
INSERT INTO funds_profit VALUES(65,65,replace('Team & Advisors(15%)\nPrivate Sale(25.12%)\nCommunity Treasury(10.88%)\nCommunity Rewards(12%)\nCoinList Public Sale(3%)\nEcosystem Development(34%)','\n',char(10)),1.0,3.600000000000000088);
INSERT INTO funds_profit VALUES(66,66,'0.28',0.02999999999999999889,0.3699999999999999956);
INSERT INTO funds_profit VALUES(67,67,'0.2',NULL,NULL);
INSERT INTO funds_profit VALUES(68,68,'0.15',0.07000000000000000667,2.089999999999999857);
INSERT INTO funds_profit VALUES(69,69,'0.07',0.0,9.070000000000000284);
INSERT INTO funds_profit VALUES(70,70,'0.12',0.05000000000000000277,2.740000000000000213);
INSERT INTO funds_profit VALUES(73,73,'0.23',NULL,NULL);
INSERT INTO funds_profit VALUES(75,75,NULL,NULL,NULL);
INSERT INTO funds_profit VALUES(76,76,NULL,NULL,NULL);
INSERT INTO funds_profit VALUES(77,77,'0.1',0.05999999999999999778,3.569999999999999841);
INSERT INTO funds_profit VALUES(78,78,NULL,NULL,NULL);
INSERT INTO funds_profit VALUES(84,84,'0.28',0.02000000000000000041,22.46000000000000085);
INSERT INTO funds_profit VALUES(85,85,'0.17',0.07000000000000000667,22.92000000000000171);
INSERT INTO funds_profit VALUES(86,86,'-)',NULL,NULL);
INSERT INTO funds_profit VALUES(87,87,'0.21',1.219999999999999974,1.879999999999999894);
INSERT INTO funds_profit VALUES(88,88,'0.3',0.04000000000000000083,6.120000000000000106);
INSERT INTO funds_profit VALUES(89,89,'0.2',0.02000000000000000041,3.990000000000000213);
INSERT INTO funds_profit VALUES(90,90,'0.08',0.2700000000000000177,0.5999999999999999778);
INSERT INTO funds_profit VALUES(91,91,'0.24',0.08999999999999999667,1.330000000000000071);
INSERT INTO funds_profit VALUES(92,92,'0.1',0.25,7.679999999999999716);
INSERT INTO funds_profit VALUES(93,93,'0.13',0.07000000000000000667,8.980000000000000426);
INSERT INTO funds_profit VALUES(94,94,'0.08',0.930000000000000048,0.05000000000000000277);
INSERT INTO funds_profit VALUES(95,95,NULL,NULL,NULL);
INSERT INTO funds_profit VALUES(96,96,'0.09',0.0100000000000000002,2.660000000000000142);
INSERT INTO funds_profit VALUES(97,97,'0.09',0.0100000000000000002,2.520000000000000017);
INSERT INTO funds_profit VALUES(98,98,'0.17',0.1000000000000000055,0.5);
INSERT INTO funds_profit VALUES(99,152,'',NULL,NULL);
INSERT INTO funds_profit VALUES(100,151,replace('Community (34.9%)\nSeed (14.3%)\nTeam (11.5%)\nFounding Round (11.3%)\nInflation (10.3%)\nFoundation (10.1%)\nValidator Round (4.55%)\nStrategic Round (1.65%)\nCoinlist Public Sale (1.44%)','\n',char(10)),NULL,NULL);
INSERT INTO funds_profit VALUES(101,149,'',NULL,NULL);
INSERT INTO funds_profit VALUES(102,6,'-',NULL,NULL);
INSERT INTO funds_profit VALUES(103,71,'',NULL,NULL);
INSERT INTO funds_profit VALUES(104,5,'-',NULL,NULL);
INSERT INTO funds_profit VALUES(105,14,'-',NULL,NULL);
INSERT INTO funds_profit VALUES(106,7,'-',NULL,NULL);
INSERT INTO funds_profit VALUES(107,29,'-',NULL,NULL);
INSERT INTO funds_profit VALUES(108,20,'-',NULL,NULL);
INSERT INTO funds_profit VALUES(109,27,'-',NULL,NULL);
INSERT INTO funds_profit VALUES(110,25,'-',NULL,NULL);
INSERT INTO funds_profit VALUES(111,24,'-',NULL,NULL);
CREATE TABLE alembic_version (
	version_num VARCHAR(32) NOT NULL, 
	CONSTRAINT alembic_version_pkc PRIMARY KEY (version_num)
);
INSERT INTO alembic_version VALUES('f6ef51cd0375');
CREATE TABLE IF NOT EXISTS "agentanswer" (
	id INTEGER NOT NULL, 
	answer TEXT, 
	language TEXT, 
	updated_at DATETIME, 
	project_id INTEGER NOT NULL, 
	PRIMARY KEY (id), 
	CONSTRAINT fk_agentanswer_project FOREIGN KEY(project_id) REFERENCES project (id)
);
INSERT INTO agentanswer VALUES(1,replace('**Итоговые баллы проекта:** 179.35 баллов – оценка “Хорошо”\n\n\n**Положительные характеристики:**\n\n- Проект получил высокие баллы за привлеченные инвестиции (71.91 баллов), что свидетельствует о значительном интересе со стороны инвесторов.\n- Проект имеет большое количество подписчиков в Twitter (2.8M) и высокий Twitter Score (788), что указывает на активное и заинтересованное сообщество. [Twitter проекта](https://twitter.com/solana)\n- Проект получил 52 балла по показателю процента заблокированных токенов, что может способствовать росту цены.\n- Оценка прибыльности фондов “Плохая”, что хорошо для инвестирования обществом, так как у фондов меньше контроля над ценой токенов.\n\n**Отрицательные характеристики:**\n\n- Проект относится к Тиру 5, что может указывать на низкое финансирование и отсутствие известных инвесторов.\n- Низкие баллы по оценке токеномики (-37.79 баллов), что может свидетельствовать о недостатках в экономической модели проекта.\n- Проект получил 0 баллов по показателю процента монет на топ 100 кошельках, что может указывать на отсутствие крупных инвесторов и повышенную волатильность.\n- Проект потерял 1 балл по показателю роста от минимальных значений и падения от максимальных значений, что может ограничить потенциал дальнейшего роста.','\n',char(10)),'RU','2024-12-04 10:52:13.764843',151);
INSERT INTO agentanswer VALUES(2,replace('**Итоговые баллы проекта:** 285.51 баллов – оценка “Отлично”\n\n\n**Положительные характеристики:**\n\n\n- Проект получил высокий балл за Тир проекта (100 баллов), что указывает на значительное финансирование и наличие инвесторов высокого уровня, таких как A16Z и Coinbase Ventures.\n- Проект имеет большое количество подписчиков в Twitter (867K) и высокий Twitter Score (309), что свидетельствует об активном и заинтересованном сообществе. (ссылка на Twitter-аккаунт: https://twitter.com/suinetwork)\n- Проект получил 59 баллов по показателю процента заблокированных токенов, что может способствовать росту цены.\n- Итоговое общее количество баллов проекта составляет 285.51, что указывает на его высокую оценку.\n- Проект получил “Отличную оценку” по показателю прибыльности фондов, что означает, что сообществу крайне нежелательно инвестировать, что может быть положительным для независимого роста токена.\n\n\n**Отрицательные характеристики:**\n\n\n- Проект получил 0 баллов по показателю процента монет на топ 100 кошельках, что может свидетельствовать об отсутствии крупных инвесторов и повышенной волатильности.\n- Проект потерял 5 баллов по показателю роста от минимальных значений и падения от максимальных значений, что может указывать на ограниченный потенциал для дальнейшего роста.','\n',char(10)),'RU','2024-12-04 10:53:03.440539',3);
INSERT INTO agentanswer VALUES(3,replace('**Итоговые баллы проекта:** 294.76 баллов – оценка “Отлично”\n\n\n**Положительные характеристики:**\n\n- Проект получил высокий балл по оценке токеномики (101.06 из 100), что свидетельствует о продуманной и устойчивой экономической модели.\n- Проект получил высокие итоговые баллы 294.76.\n- Тир проекта — Тир 1, что указывает на значительное финансирование и наличие инвесторов высокого уровня, таких как Paradigm и Coinbase Ventures.\n- Высокий процент токенов находится на топ 100 кошельках (91%), что может свидетельствовать о наличии крупных инвесторов и стабильности.\n- Низкий процент заблокированных токенов (4.63%), что может способствовать росту цены.\n- Проект получил Хорошую оценку по показателю прибыльности фондов. Сообществу нежелательно инвестировать, что может снизить влияние фондов на цену токенов.\n- Большое количество подписчиков в Twitter (333K) и высокий Twitter Score (152) свидетельствуют об активном и заинтересованном сообществе. (ссылка на Twitter-аккаунт: https://twitter.com/starknet)\n\n\n**Отрицательные характеристики:**\n\n- Баллы по доходности фондов от инвестиций в проект высокие, что может ограничить потенциал дальнейшего роста цены токена.\n- Проект потерял 1 балл по показателю роста от минимальных значений и падения от максимальных значений, что может указывать на нестабильность.\n- Низкий процент токенов находится в заблокированном состоянии (4.63%), что может ограничить доступное предложение.','\n',char(10)),'RU','2024-12-04 11:09:35.985762',13);
COMMIT;
